a:8,woman:5,.:5,is:5,the:5,blue:3,blond:2,in:2,to:2,on:2,
the:6,.:5,a:4,boy:4,beach:4,on:3,in:2,his:2,at:2,is:2,
a:15,and:5,man:5,on:5,.:5,dock:4,woman:4,sitting:4,lady:1,with:1,
a:7,its:6,white:5,dog:5,on:5,.:5,head:4,the:3,is:2,floor:2,
a:8,with:5,toy:5,.:5,boy:4,gun:2,in:2,young:2,his:2,at:2,
a:9,black:5,dog:5,rope:4,.:4,toy:3,to:2,playing:2,jumping:1,catch:1,
a:5,the:5,dog:4,running:4,.:4,through:3,grass:3,is:3,small:3,ears:2,
a:13,white:5,flag:5,.:5,baby:4,in:3,and:3,with:2,moon:2,star:2,
dog:5,.:5,a:4,brown:3,and:3,white:3,the:3,water:3,dry:2,shaking:2,
a:6,bed:5,.:5,boy:4,is:3,on:3,the:3,jumping:2,from:2,jumped:1,
.:5,a:4,the:4,snowboarder:3,on:3,skiers:3,sitting:2,two:2,sits:1,slope:1,
a:10,.:5,boy:4,in:4,soccer:4,his:4,out:4,of:4,shoes:3,car:3,
three:5,.:5,a:4,people:3,in:3,men:2,are:2,on:2,sled:2,the:2,
a:7,man:5,yellow:4,.:4,the:3,is:3,in:2,wearing:2,shirt:2,on:2,
the:11,.:5,girl:4,is:4,a:3,jumping:3,on:3,into:3,air:3,,:3,
a:8,in:6,of:4,people:4,.:4,city:4,walking:3,busy:2,sidewalk:2,group:2,
two:5,.:5,girls:4,laughing:3,in:3,are:2,grass:2,a:2,yard:2,young:2,
a:12,spoon:5,.:5,boy:3,with:2,little:2,holds:2,to:2,his:2,mouth:2,
a:12,.:5,girl:4,is:4,woman:4,holding:4,bubbles:3,young:3,little:2,who:2,
in:6,three:5,sand:4,the:4,beach:4,.:4,girls:3,,:3,children:2,playing:2,
a:6,people:5,at:5,an:5,.:5,sit:4,three:4,of:3,table:3,with:2,
a:17,.:5,man:4,in:4,green:3,shirt:3,riding:3,drink:3,with:3,bright:2,
a:10,dog:5,stick:5,in:4,mouth:4,.:4,black:3,and:3,white:3,carrying:2,
the:7,.:5,in:4,two:4,into:3,distance:3,man:2,shirt:2,and:2,with:2,
a:11,.:5,woman:4,golf:4,swing:3,club:3,blue:3,is:2,shorts:2,and:2,
a:11,at:5,.:5,in:4,of:3,fair:3,two:3,people:2,costume:2,renaissance:2,
a:9,sled:5,dogs:4,on:4,.:4,person:2,hill:2,pulling:2,the:2,snow:2,
a:8,in:6,water:6,boy:5,.:5,sitting:4,is:2,up:2,through:2,his:2,
a:15,boy:5,.:5,blue:4,off:4,into:4,lake:4,life:3,jumps:3,in:3,
from:5,a:4,person:4,hanging:4,.:4,the:3,is:3,power:2,lines:2,upside:2,
a:9,boy:5,.:5,in:3,trunks:3,is:3,water:3,shower:2,standing:2,while:2,
the:8,beach:5,.:5,a:4,on:4,playing:3,two:3,children:3,boy:2,and:2,
a:10,man:5,on:5,.:4,public:3,transportation:2,asleep:2,in:2,suit:2,the:2,
a:7,people:5,the:5,.:5,of:5,street:4,pharmacy:4,in:4,to:3,cross:3,
.:4,a:3,two:3,three:2,women:2,on:2,street:2,the:2,girls:2,and:2,
three:5,head:4,scarves:4,women:4,.:4,a:2,camera:2,in:2,and:2,females:1,
a:9,.:4,wearing:3,blue:2,smiling:2,on:2,the:2,beach:2,young:2,blond:1,
the:7,a:6,.:5,girl:4,on:4,trampoline:3,jumping:2,over:2,jumps:2,young:2,
a:7,on:6,girl:5,the:5,.:5,beach:4,is:3,walking:3,logs:2,sand:2,
a:7,girl:5,through:5,.:5,leaves:4,the:3,peeks:2,green:2,young:2,in:1,
a:11,.:5,rock:4,on:4,bike:4,jumping:3,off:3,man:2,mountain:2,his:2,
a:7,boy:5,.:5,tire:4,swing:4,on:3,swinging:2,young:2,the:2,rides:1,
a:11,.:5,two:4,man:3,in:3,canoe:3,river:3,down:3,with:2,on:2,
a:10,in:5,.:4,standing:3,child:3,with:2,dirt:2,track:2,field:2,of:2,
two:6,a:5,.:5,sitting:4,their:4,bicycles:3,are:3,the:3,grass:3,beside:3,
a:13,in:4,stroller:4,child:3,doll:3,baby:3,.:3,pushes:2,little:2,pushing:2,
.:5,a:4,the:4,two:4,girls:4,wearing:4,looks:3,girl:2,and:2,back:2,
a:9,dog:5,the:5,.:5,black:4,out:4,of:4,water:4,beach:3,carrying:2,
a:13,.:5,dog:3,man:3,leash:3,pug:3,to:3,through:2,of:2,holding:2,
a:6,ball:5,boy:4,soccer:4,.:4,in:3,red:3,is:3,to:2,catch:2,
a:9,man:5,the:5,water:5,in:4,.:4,harness:2,being:2,on:2,line:2,
a:7,the:7,girl:5,beach:5,in:4,.:4,little:3,running:3,runs:2,across:2,
a:5,girl:5,in:5,.:5,the:4,car:4,is:3,silver:3,boots:2,grass:2,
a:8,ride:5,.:5,on:4,an:3,people:3,at:2,amusement:2,park:2,person:1,
a:10,ball:5,in:5,dog:4,.:4,blue:3,the:3,two:2,its:2,mouth:2,
a:11,on:6,.:4,in:3,boy:3,the:3,child:2,standing:2,dock:2,young:2,
a:8,man:5,.:5,in:4,the:3,is:3,tennis:3,against:3,near:2,playing:2,
a:12,.:5,is:4,up:4,hill:4,trail:3,hiker:2,walking:2,man:2,grassy:2,
a:11,man:5,climbing:5,rock:4,white:3,helmet:3,in:2,wall:2,shirt:2,and:2,
a:5,.:5,in:4,field:4,on:3,two:3,girls:3,uniforms:2,the:2,soccer:2,
a:10,the:6,on:5,beach:5,.:5,handstand:4,boy:3,doing:3,child:2,does:2,
a:10,.:4,plays:3,while:3,man:3,guitarist:2,people:2,in:2,and:2,woman:2,
two:5,girls:5,a:4,.:4,on:3,in:3,pink:3,the:2,are:2,playing:2,
a:7,in:5,.:5,people:3,boat:3,rafting:3,seven:3,are:3,green:3,group:2,
a:4,skiers:4,four:4,.:4,snow:3,up:2,mountain:2,climbing:2,hill:2,group:1,
a:10,dog:4,is:4,through:4,walking:4,stream:3,.:3,river:2,trotting:1,shallow:1,
a:11,slide:5,.:5,red:4,boy:4,on:3,little:3,down:3,slides:2,child:1,
a:8,.:5,on:4,the:4,beach:4,kissing:3,couple:2,man:2,kiss:2,with:2,
a:10,man:5,.:4,riding:3,is:3,dirt:3,bike:3,camouflage:2,over:2,some:2,
a:7,the:7,boy:5,.:5,points:4,man:4,at:3,looks:3,in:3,something:2,
.:5,run:4,the:4,three:4,dogs:4,,:3,water:3,through:3,and:2,near:2,
a:9,dog:5,with:5,ball:5,running:4,red:4,.:4,the:4,is:3,and:3,
a:7,of:5,.:4,people:4,crowd:3,,:2,group:2,at:2,gathered:2,the:2,
a:12,coffee:5,reading:4,.:4,woman:4,is:2,drinking:2,young:2,in:2,hat:2,
a:6,in:5,two:5,boys:4,.:4,soccer:3,ball:3,kicking:2,the:2,to:2,
a:9,dog:5,.:5,on:4,tree:4,the:3,brown:3,walks:3,of:3,fallen:3,
a:7,girl:5,swing:5,in:4,.:4,little:3,laughs:1,is:1,swinging:1,her:1,
a:6,beach:5,the:4,on:4,.:4,boy:3,in:3,boys:3,playing:2,shorts:2,
a:12,.:5,tents:4,man:3,the:3,up:3,flag:2,with:2,setting:2,tent:2,
the:6,.:5,a:3,of:3,people:3,ocean:3,stand:2,in:2,looking:2,out:2,
a:6,dog:5,frisbee:5,to:4,black:3,and:3,white:3,.:3,catch:3,an:2,
a:6,dog:5,.:4,tongue:4,hanging:4,out:4,grass:3,with:3,brown:2,walks:2,
the:4,.:4,two:4,water:3,lizards:3,are:2,fighting:2,in:2,iguanas:1,wrestled:1,
a:10,.:5,dog:4,to:3,catch:3,and:3,jumping:2,frisbee:2,jumps:2,catches:2,
a:9,to:5,and:5,white:5,yellow:4,dog:4,,:4,is:3,the:3,mirror:3,
a:10,.:5,girl:4,swing:4,in:3,little:2,on:2,toddler:2,kid:1,shouts:1,
a:13,slide:5,.:5,down:4,is:3,girl:3,at:3,child:2,on:2,sliding:2,
a:13,tree:5,.:5,in:3,snow-covered:3,boy:2,red:2,jacket:2,snow:2,child:2,
a:7,man:4,.:4,red:3,waterskiing:3,in:2,trunks:2,life:2,skiing:2,one:2,
a:11,dog:5,.:5,in:4,the:3,road:3,ball:3,brown:2,and:2,white:2,
a:13,with:5,.:5,and:4,person:4,nose:3,mohawk:3,in:3,shirt:3,,:2,
a:5,dog:5,water:4,.:4,black:3,and:3,white:3,in:2,the:2,walking:2,
a:11,.:5,dog:4,of:3,crowd:2,is:2,climb:2,up:2,staircase:2,an:2,
dog:10,a:8,the:7,.:5,large:3,sniffing:3,while:2,is:2,'s:2,butt:2,
a:8,fountain:5,around:4,.:4,three:3,boys:2,play:2,of:2,in:2,building:2,
two:5,people:3,the:2,on:2,legs:2,.:2,and:2,carrying:2,a:2,skateboard:2,
a:7,dog:5,waterfall:5,swims:4,towards:4,.:4,the:4,tan:1,and:1,white:1,
a:7,man:5,.:5,light:4,holding:3,dressed:2,in:2,brown:2,saber:2,black:2,
a:6,dog:6,.:5,black:4,and:3,white:3,the:3,on:2,sand:2,two:2,
a:8,.:5,man:4,rock:4,up:3,climbs:2,,:2,red:2,is:2,the:2,
a:16,and:6,man:5,girl:5,.:5,on:4,wearing:4,shirt:3,the:2,eat:2,
a:6,children:5,.:3,pig:3,with:2,are:2,participate:1,in:1,sport:1,involving:1,
a:5,.:5,of:5,in:4,the:3,group:3,gate:3,her:2,mother:2,goodbye:2,
a:7,rock:4,.:4,climber:3,two:3,large:3,from:2,the:2,person:2,between:2,
two:5,.:5,a:4,soccer:4,ball:4,children:3,playing:3,with:3,on:3,grass:3,
a:5,the:5,beach:4,and:3,on:3,.:3,two:3,people:3,run:2,of:2,
a:5,the:4,.:4,in:3,is:2,on:2,beach:2,by:2,wave:2,standing:2,
men:5,.:5,the:4,two:4,in:3,wearing:2,backs:2,to:2,of:2,backpacks:2,
a:12,basketball:6,.:5,boy:4,dribbles:3,in:3,on:2,court:2,the:1,gymnasium:1,
a:12,mask:5,child:4,at:4,.:4,restaurant:3,with:3,sitting:2,table:2,paper:2,
a:15,black:7,in:5,,:5,hat:4,the:4,.:4,and:3,is:3,woman:3,
a:11,dog:5,frisbee:5,black:4,and:4,white:4,.:4,pink:3,is:3,on:2,
a:7,man:5,the:5,.:5,boy:4,and:3,at:3,an:3,outdoor:3,in:3,
a:12,boy:5,.:4,on:3,while:2,man:2,little:2,down:2,hangs:1,from:1,
a:7,boy:5,.:5,the:4,is:3,people:3,little:3,shirt:2,running:2,street:2,
a:12,down:5,.:5,railing:3,man:2,skateboards:2,steps:2,person:2,brick:2,in:1,
a:15,woman:5,pink:5,hat:4,and:4,riding:4,.:4,wearing:3,is:3,bike:3,
a:11,man:5,beret:3,bicycle:3,.:3,rides:2,down:2,wearing:2,his:2,,:2,
a:8,.:4,man:3,hiker:2,is:2,on:2,rocks:2,in:2,blue:2,the:2,
two:5,walking:4,.:4,women:4,the:3,,:3,on:2,street:2,a:2,one:2,
a:10,woman:5,bicycle:5,.:5,the:4,an:3,is:3,in:3,rides:3,street:3,
a:15,riding:4,bike:4,woman:4,helmet:3,.:3,in:2,blue:2,jacket:2,bicycle:2,
a:7,in:5,white:4,.:4,coat:3,takes:3,girl:2,woman:2,the:2,pictures:1,
a:14,girl:5,cake:5,.:5,in:4,with:4,candles:3,birthday:3,jacket:2,coat:2,
a:5,.:5,man:4,binoculars:4,through:3,is:3,standing:3,two:3,looks:2,while:2,
a:7,.:5,man:4,in:3,over:3,yellow:2,jumps:2,barrel:2,snow:2,skiing:2,
a:11,black:5,dog:5,.:5,is:2,leaping:2,into:2,stream:2,jumping:2,wet:2,
a:8,man:7,.:5,the:4,beach:4,on:3,picture:2,of:2,another:2,rocky:2,
a:7,dog:5,.:5,in:4,white:4,the:4,is:3,through:3,water:2,rocky:2,
a:6,two:5,.:5,kids:3,are:3,game:3,under:2,an:2,awning:2,playing:2,
a:10,dog:5,.:5,on:4,grassy:3,hillside:2,standing:2,the:2,side:2,of:2,
a:7,in:6,.:5,the:4,city:4,boat:3,large:2,harbor:2,white:2,is:2,
a:7,girl:5,.:5,green:3,in:3,out:2,little:2,outfit:2,orange:2,the:2,
a:12,dog:5,.:5,cow:4,and:3,are:3,in:3,on:2,white:2,at:2,
a:8,red:5,hat:5,and:4,.:4,an:3,man:3,with:3,hair:3,white:2,
a:5,.:4,his:3,boy:3,with:3,and:2,on:2,lips:2,eating:2,is:2,
a:7,the:6,snow:5,.:5,in:4,on:4,an:2,down:2,is:2,float:2,
a:5,the:5,in:4,snow:4,.:4,black:3,white:3,dog:3,playing:2,poodle:2,
a:11,in:6,two:5,on:5,boat:4,.:4,lake:3,with:2,the:2,men:2,
a:4,on:4,.:4,bouncing:3,children:3,two:3,balls:3,and:2,are:2,black:2,
a:12,the:6,man:5,.:5,in:4,hat:4,shirtless:3,is:3,standing:3,on:3,
a:14,man:5,black:5,hat:5,.:5,in:4,and:4,wearing:3,glasses:3,wall:3,
a:9,the:5,.:5,animal:4,dog:3,tail:3,cow:2,small:2,larger:2,'s:2,
a:6,people:4,of:4,mountain:4,.:4,on:3,the:3,top:2,few:1,standing:1,
a:7,.:4,street:3,with:3,two:3,shopping:3,in:3,city:2,bags:2,woman:2,
a:9,the:8,.:5,beach:4,sunset:4,in:3,at:3,child:2,playing:2,sand:2,
in:7,a:7,bridge:4,.:4,playing:4,water:3,children:3,of:2,the:2,wooden:2,
a:11,man:7,another:4,.:4,bike:4,dirt:3,his:3,up:3,rock:3,while:3,
a:4,on:4,swing:4,swinging:3,is:2,person:2,lady:1,and:1,smiling:1,.:1,
a:8,in:5,.:5,woman:4,waterfall:4,front:3,of:3,walking:3,water:3,through:3,
a:5,sand:5,the:4,girl:3,and:3,boy:3,.:3,castle:3,play:2,in:2,
a:10,with:5,dog:5,.:4,brown:3,person:2,the:2,woman:2,skiing:2,is:1,
a:10,.:5,man:4,building:3,walking:3,black:2,walks:2,road:2,in:2,is:2,
a:6,man:5,.:5,the:4,bagpipes:3,another:3,bagpipe:3,of:2,while:2,plays:2,
the:8,dog:5,in:5,.:5,water:4,a:3,standing:2,shallow:2,ocean:2,large:2,
a:6,scooter:5,.:4,girl:4,on:3,red:3,riding:2,little:2,her:2,the:2,
a:8,white:5,.:4,woman:4,wearing:3,the:2,crowd:2,gloves:2,her:2,and:2,
the:5,a:4,puppy:4,floor:4,.:4,across:2,white:2,running:2,on:2,beige:1,
a:13,.:5,man:4,skateboard:4,red:3,young:3,on:3,is:3,wearing:2,the:2,
a:9,rock:7,is:5,.:5,the:5,girl:4,climbing:3,while:3,her:3,shadow:3,
a:6,and:5,the:4,.:4,kissing:3,her:3,two:3,with:3,boy:2,is:2,
a:7,.:5,on:3,in:3,the:3,snow:3,walks:2,snowy:2,little:2,boy:2,
dogs:5,with:5,.:4,play:3,a:2,and:2,are:2,the:2,stick:2,four:2,
a:8,the:7,man:5,.:5,on:4,sitting:3,door:3,and:3,black:3,hat:3,
a:12,man:5,.:5,camera:4,in:3,holding:2,blue:2,photo:2,of:2,the:2,
a:6,.:5,and:4,man:3,two:3,women:3,in:3,standing:2,front:2,of:2,
children:5,on:5,.:5,steps:4,of:3,in:3,a:2,asian:2,group:2,uniforms:2,
a:6,dog:5,through:5,.:5,hoops:4,jumps:3,is:2,jumping:2,held:2,by:2,
a:5,.:5,the:4,steep:3,is:3,mountain:3,man:2,and:2,snowy:2,on:2,
a:10,bridge:5,.:4,foggy:3,surfer:3,under:3,man:2,by:2,the:2,golden:2,
a:8,.:5,the:4,water:4,is:3,inflatable:3,into:3,boat:3,an:3,girl:2,
a:9,blue:5,ball:5,.:5,,:4,black:3,and:3,with:3,three:3,dogs:3,
a:10,in:8,standing:5,front:5,of:5,fountain:5,girl:4,.:3,young:3,little:2,
a:14,man:5,dog:5,.:5,running:4,on:4,in:4,and:3,the:3,is:3,
a:15,man:6,.:5,woman:4,on:4,and:3,cross:3,street:3,the:3,to:2,
a:7,boy:5,the:5,basketball:4,.:4,in:3,to:3,is:3,playing:2,young:2,
a:11,cliff:5,water:3,.:3,man:2,off:2,over:2,the:2,from:2,rope:2,
a:17,.:4,donkey:3,pulling:3,cart:3,with:3,in:3,man:3,it:2,mule:2,
fish:5,water:5,.:5,the:5,a:4,green:4,large:4,out:3,of:3,is:2,
basketball:6,.:5,a:4,boy:4,the:4,is:3,playing:3,with:2,in:2,red:1,
a:7,with:4,.:4,young:3,in:3,two:3,children:3,playing:3,an:2,older:2,
a:6,dog:5,through:3,grass:3,.:3,brown:2,and:2,black:2,field:2,of:2,
a:11,.:5,dog:4,river:3,walking:3,brown:2,on:2,the:2,is:2,large:2,
a:10,the:4,.:4,skier:3,trail:2,he:2,snowy:2,man:2,is:2,on:2,
on:5,.:5,ice:5,two:4,boys:3,children:2,skating:2,while:2,people:2,watch:2,
a:10,.:4,in:2,the:2,air:2,over:2,jumping:2,pole:2,motorcycle:2,while:2,
a:7,man:4,.:4,in:3,rowing:3,boat:3,is:2,his:2,rowboat:1,across:1,
a:6,in:4,.:4,people:3,dancing:3,sand:2,of:2,on:2,beach:2,girl:1,
a:5,.:5,girl:4,the:4,leg:3,on:2,in:2,field:2,her:2,kicks:2,
a:5,in:5,the:5,grass:5,.:5,dog:4,is:2,laying:2,on:2,its:2,
a:6,dog:5,grass:5,.:4,brown:3,with:3,white:3,on:3,in:2,the:2,
a:7,and:6,black:5,white:5,dog:5,in:4,snow:4,.:4,the:3,jumping:2,
a:8,.:5,down:3,stairs:3,skateboarder:3,jumps:2,on:2,skateboard:2,his:2,white:2,
a:11,and:7,black:6,man:5,.:5,shirt:4,smiling:4,cap:2,with:2,to:2,
a:5,.:5,dog:4,water:3,two:3,dogs:3,chasing:2,brown:2,in:2,small:2,
a:8,riding:4,vehicle:4,.:4,of:3,people:3,are:2,on:2,with:2,crowd:1,
a:12,in:7,woman:5,and:5,the:5,black:4,man:4,.:4,with:3,coat:3,
a:5,.:5,the:4,team:3,in:3,dog:2,sled:2,from:2,of:2,dogs:2,
a:8,dog:5,'s:5,.:5,person:3,in:2,mouth:2,someone:2,finger:2,brown:1,
a:8,.:5,in:4,people:4,house:4,of:4,outside:3,snow:3,person:2,front:2,
a:9,the:6,woman:5,.:5,in:4,and:3,ocean:3,naked:3,hand:3,into:2,
a:7,in:7,.:5,crowd:4,girl:3,are:3,girls:3,dark:2,and:2,standing:2,
dogs:5,in:5,.:5,the:4,snow:4,three:4,a:2,each:2,other:2,face:2,
a:11,man:5,wall:5,.:4,rock:4,to:2,climbing:2,dark-haired:1,wearing:1,brown:1,
a:6,dog:5,.:5,water:4,brown:3,shakes:3,off:3,after:2,shaking:2,himself:1,
a:11,camera:6,.:5,woman:4,blue:3,smiling:2,at:2,the:2,with:2,and:2,
a:9,.:5,flip:4,in:4,the:4,blue:3,back:3,man:3,boy:2,wearing:2,
a:5,.:5,girl:4,bed:4,on:4,young:3,the:3,is:2,little:1,falling:1,
a:8,slide:5,.:5,child:4,to:4,is:3,down:3,on:2,the:2,of:2,
a:9,.:5,dogs:4,man:4,sled:3,pulling:3,through:3,snow:3,the:3,of:2,
a:6,dog:5,.:5,and:3,white:3,in:3,the:3,brown:2,grassy:2,is:2,
a:7,soccer:6,.:5,boys:3,ball:3,young:2,little:2,boy:2,in:2,referee:2,
boy:8,a:6,on:5,trampoline:5,.:5,over:4,another:4,jumps:3,jumping:2,the:2,
a:10,dog:9,in:5,the:5,snow:5,.:5,white:4,black:4,and:3,small:3,
a:10,in:6,crown:5,.:5,paper:4,sitting:4,shopping:4,cart:4,boy:3,wearing:3,
a:9,man:5,.:5,the:4,in:3,black:3,hat:3,fedora:2,smiles:2,camera:2,
a:15,the:10,while:4,.:4,girl:4,beach:3,woman:3,in:3,at:3,and:3,
a:7,the:5,.:4,man:3,in:3,waves:3,parasails:2,on:2,ocean:2,of:2,
a:9,in:6,.:5,girl:4,dress:4,white:3,blue:3,woman:3,with:3,and:2,
in:5,snow:5,.:5,the:5,dogs:4,a:3,two:3,dog:2,small:2,playing:2,
a:13,man:5,in:5,is:4,on:4,.:4,white:3,and:3,shorts:3,standing:3,
dog:6,a:5,.:5,smaller:3,with:3,two:3,dogs:3,large:2,plays:2,grass:2,
a:9,coach:5,football:5,player:5,.:5,to:3,in:3,talks:2,with:2,red:2,
a:6,.:5,coach:4,football:4,player:4,the:4,to:3,talks:2,talking:2,his:2,
a:6,football:4,player:4,.:4,an:3,injured:3,the:3,in:2,at:2,man:2,
the:8,football:5,.:5,in:5,,:4,a:3,of:2,players:2,is:2,red:2,
the:7,in:6,.:5,a:4,football:4,and:4,,:4,player:3,blue:2,red:2,
football:5,.:5,and:3,players:3,the:3,to:3,a:2,in:2,red:2,white:2,
a:5,football:4,and:4,.:4,wearing:3,sooners:3,red:3,is:2,player:2,number:2,
a:9,dog:7,.:5,white:3,over:3,in:3,of:3,grass:3,and:2,black:2,
a:11,man:5,girl:5,.:5,in:4,with:4,the:4,dances:3,wearing:3,front:2,
white:4,.:4,two:4,dogs:4,small:3,dog:2,standing:2,beside:2,some:2,patio:2,
a:12,dog:9,car:5,.:5,white:5,jumps:4,while:3,and:3,black:3,woman:2,
a:7,man:5,at:4,outside:3,table:3,.:3,reading:3,sitting:2,an:2,,:2,
a:6,girl:5,.:5,on:3,playing:3,is:3,,:3,bouncing:1,colorful:1,sheet:1,
a:15,on:5,.:5,and:4,cap:3,,:3,sits:3,rock:3,in:3,with:3,
a:10,girl:5,swing:5,.:5,the:4,pink:3,shirt:3,off:3,as:2,and:2,
a:8,baseball:4,in:3,shirt:3,bat:3,.:3,orange:2,ball:2,young:2,boy:2,
a:6,in:5,girls:4,.:4,circle:4,sitting:3,group:2,of:2,back:2,little:2,
a:7,dogs:5,and:5,in:5,pool:5,.:5,swimming:4,people:4,are:3,park:2,
a:13,boy:5,bat:5,blue:5,.:5,in:5,seats:4,is:3,red:3,holding:2,
a:10,.:4,girl:4,pool:4,down:3,into:3,little:3,in:3,slides:2,slide:2,
a:10,white:6,dog:5,man:4,.:4,in:4,the:4,black:3,and:3,frisbee:3,
a:8,dog:6,.:5,black:4,and:4,white:4,in:4,the:4,playing:3,animal:2,
two:5,girls:5,a:5,through:4,pool:4,.:4,water:3,running:2,while:2,sprays:2,
a:10,.:5,on:4,swing:4,boy:3,is:3,in:2,swinging:2,child:2,blonde:1,
in:6,a:5,.:5,man:4,river:4,is:3,fishing:3,the:3,fly:2,alon:1,
a:10,dog:5,.:5,of:3,the:3,runs:2,down:2,stairs:2,to:2,off:2,
a:6,.:5,in:5,life:4,on:4,boys:3,are:3,jackets:3,group:2,of:2,
a:8,into:5,pool:5,.:5,boy:4,the:4,is:2,jumps:2,on:2,diving:1,
a:7,the:7,in:5,.:5,boy:4,sweatshirt:3,black:2,yellow:2,punching:2,bag:2,
a:12,on:5,motorcycle:5,man:4,.:4,track:3,doing:2,his:2,is:2,wheelie:2,
a:7,.:4,is:3,the:2,wakeboarder:2,on:2,man:1,jet:1,boarding:1,parasurfer:1,
two:5,girls:5,in:5,.:5,karate:3,a:3,little:3,uniforms:2,white:2,martial:2,
a:7,the:5,.:5,surfing:3,man:3,in:2,is:2,water:2,lone:1,parasailer:1,
a:15,woman:5,.:5,small:4,boy:4,ball:3,running:3,after:3,is:2,holding:2,
a:11,woman:5,.:5,and:4,man:3,down:3,the:2,water:2,wearing:2,scarf:2,
a:12,dog:5,.:5,is:3,fallen:3,log:3,on:3,the:3,black:2,crossing:2,
a:9,dog:5,.:4,in:3,walks:2,the:2,man:2,area:2,is:2,desert:2,
a:9,girl:5,.:5,the:4,sink:4,little:3,in:3,sunglasses:3,plays:2,faucet:2,
a:7,.:5,in:4,boy:3,karate:3,is:3,young:3,uniform:2,child:2,practicing:2,
a:8,boy:5,the:5,dirt:5,.:5,runs:4,in:3,through:3,is:1,kicking:1,
a:10,dog:5,into:4,.:4,the:4,of:3,water:3,brown:2,body:2,wading:1,
a:10,on:6,.:5,his:4,in:4,with:3,hands:3,head:3,shorts:3,standing:3,
a:10,girl:5,.:5,wearing:4,young:3,is:3,and:3,teal:2,skirt:2,with:2,
two:5,dogs:5,the:4,white:4,.:4,in:3,field:2,run:2,running:2,grass:2,
dog:8,a:5,.:5,another:4,is:3,lying:3,on:3,the:3,sniffing:2,floor:2,
a:6,.:5,dog:4,running:3,across:3,two:3,dogs:3,and:2,through:2,grassy:2,
a:17,man:5,.:5,shopping:3,bag:3,cart:3,and:3,with:2,outside:2,near:2,
three:5,a:5,.:5,on:4,girls:4,are:3,faces:3,bench:3,purple:2,little:2,
a:11,boy:5,pool:5,into:4,.:4,red:3,little:3,in:3,kiddie:3,wearing:2,
a:10,dog:5,man:5,.:4,with:4,playing:3,his:3,on:3,beach:3,black:2,
a:9,girl:5,rope:5,.:5,jumping:3,over:3,jump:2,wearing:2,and:2,is:2,
a:10,boy:5,crawling:4,through:4,tube:3,.:3,cement:2,in:2,young:2,white:2,
a:8,.:5,dog:4,frisbee:4,in:3,catching:3,two:3,dogs:3,with:2,brown:2,
a:11,dog:5,running:4,race:4,is:3,.:3,in:2,yellow:2,wearing:2,the:2,
a:10,boy:5,his:5,head:5,.:5,box:3,holds:2,is:2,holding:2,on:2,
a:13,holds:5,boy:5,.:5,while:4,another:3,woman:3,smiling:3,lady:2,little:2,
a:7,white:5,dog:5,frisbee:5,.:5,in:4,his:4,brown:3,and:3,mouth:3,
a:6,football:5,.:5,in:3,yellow:3,is:3,player:3,boy:2,uniform:2,another:2,
a:5,men:5,.:5,in:4,yellow:3,boat:3,dogs:3,the:3,three:3,and:2,
a:7,.:5,man:4,on:3,one:2,front:2,of:2,break:2,darked:1,skinned:1,
a:8,car:5,.:5,race:4,while:3,watch:3,smoke:2,drives:2,on:2,track:2,
a:7,in:6,.:5,water:4,boy:3,stands:2,little:2,standing:2,bathing:1,suit:1,
a:6,dog:5,through:5,.:5,tall:4,grass:4,and:3,white:3,brown:2,running:2,
a:5,dog:5,water:4,.:4,brown:3,through:3,is:3,running:3,the:2,splashing:1,
a:11,woman:5,.:5,dog:4,is:4,over:3,obstacle:3,an:2,running:2,beside:2,
a:8,dog:5,.:5,the:5,of:4,roof:3,red:3,black:2,on:2,top:2,
a:8,dog:5,in:4,.:4,water:3,and:2,pool:2,mouth:2,trying:2,to:2,
a:14,bike:6,.:5,young:4,wearing:3,helmet:3,rides:3,purple:3,child:3,boy:2,
a:5,.:5,the:5,with:4,boy:3,plays:2,car:2,truck:2,in:2,suspenders:2,
a:9,child:5,goggles:5,.:5,wearing:4,pool:3,blue:3,in:3,young:2,is:2,
a:7,boy:5,.:5,rocks:3,climbing:2,climbs:2,the:2,wearing:2,hat:2,is:2,
a:9,.:5,rock:5,between:4,climber:3,two:3,man:2,and:2,is:1,large:1,
a:9,bank:5,.:5,man:4,of:4,watermelons:3,is:3,in:3,front:3,outside:2,
a:14,boy:5,surfboard:5,yellow:4,the:4,in:3,shirt:3,walking:3,on:3,beach:3,
dog:5,.:4,mouth:3,with:2,yawning:2,open:2,is:2,a:1,its:1,opened:1,
three:5,dogs:5,.:5,are:4,a:4,the:3,in:3,running:3,field:2,of:2,
a:5,people:5,.:5,are:4,in:4,the:3,walls:3,sitting:2,inside:2,of:2,
a:9,girl:5,in:4,face:3,her:3,to:3,.:3,is:3,standing:2,tricycle:2,
a:5,naked:5,.:5,people:3,the:3,and:2,riding:2,bikes:2,in:2,streets:2,
a:10,ball:5,pit:5,.:4,man:3,of:3,children:3,pulling:2,child:2,out:2,
a:9,boy:5,.:5,little:3,the:3,is:3,takes:2,picture:2,at:2,young:2,
two:5,dogs:5,.:5,each:4,other:4,are:3,running:3,on:3,towards:3,grass:2,
a:12,boy:6,in:6,.:5,shirt:4,,:4,hat:4,while:3,on:3,playground:3,
in:6,a:5,field:5,.:5,dog:4,another:3,one:3,the:3,two:3,dogs:3,
a:12,black:5,.:5,dog:4,jumping:4,into:4,dock:3,off:3,pond:2,from:1,
a:9,in:5,.:5,black:4,swimming:4,pool:4,dog:3,are:3,two:3,dogs:3,
and:11,white:7,,:6,one:6,a:4,brown:4,black:4,two:4,dogs:4,.:4,
in:7,woman:5,a:4,covered:4,naked:3,mud:3,crowd:3,topless:2,.:2,front:1,
a:11,holding:5,hands:5,.:5,couple:3,restaurant:3,table:3,in:2,are:2,across:2,
people:7,the:5,at:5,sunset:5,.:5,beach:4,two:4,walking:4,a:3,of:3,
a:8,walking:5,.:4,the:4,people:3,down:3,are:2,sidewalk:2,beside:2,beach:2,
a:10,dog:5,into:5,.:5,black:4,off:3,the:3,jumping:2,lake:2,dock:2,
a:6,the:6,in:4,footprints:4,walking:3,on:3,beach:3,.:3,leaving:3,sand:3,
a:8,on:5,.:5,tire:4,toy:4,,:4,with:3,red:3,sits:2,and:2,
a:5,.:5,people:4,two:4,fire:3,sitting:3,sit:2,near:2,are:2,campfire:2,
a:11,homeless:5,man:5,.:5,in:3,orange:3,cones:3,construction:3,sign:3,standing:2,
a:12,dog:5,deer:5,.:5,chases:3,the:3,field:3,yellow:3,flowers:3,woods:2,
a:4,baby:4,.:4,in:4,mouth:4,plants:2,grass:2,his:2,green:2,chews:1,
a:14,man:5,chip:5,in:4,red:4,.:4,his:4,mouth:4,wearing:3,sunglasses:3,
a:9,man:5,hair:5,and:4,.:4,with:4,gray:3,beard:3,shirt:2,is:2,
a:12,boy:5,snake:5,.:5,large:3,around:3,his:3,in:2,wrapped:2,has:2,
two:5,dogs:5,grass:5,.:5,the:4,small:3,run:3,in:3,through:2,green:2,
a:15,man:5,red:4,jacket:4,yellow:4,kayak:4,.:4,on:4,in:3,stands:3,
a:12,.:5,in:4,shirt:3,picture:3,phone:3,woman:3,her:3,girl:2,red:2,
a:7,in:5,his:5,.:5,shirt:4,the:4,boy:3,with:3,and:3,open:2,
a:15,tree:5,in:5,boy:4,.:4,behind:3,striped:3,is:3,standing:3,picnic:3,
dirt:5,.:5,a:4,his:3,mouth:3,is:3,child:2,puts:2,into:2,little:2,
a:11,bat:5,.:5,boy:4,the:4,little:3,in:3,red:3,swings:2,plastic:2,
a:8,.:5,and:3,greyhound:3,number:3,is:3,the:3,on:3,track:3,wearing:2,
a:12,with:8,ball:5,.:5,and:4,in:4,her:3,girl:3,woman:3,blue:3,
a:8,dog:5,.:4,brown:3,grassy:3,near:3,flowers:3,running:2,over:1,grass:1,
a:6,river:5,.:5,the:4,down:3,two:3,on:2,people:2,kayak:1,is:1,
a:9,pool:5,.:5,boy:4,in:4,is:3,swimming:3,water:2,the:2,making:1,
a:10,.:5,ice:4,man:3,karate:2,kick:2,on:2,of:2,martial:2,artist:2,
two:5,.:5,women:4,sunbathe:3,are:2,beside:2,water:2,on:2,a:2,concrete:2,
a:9,in:6,.:5,with:4,hand:3,red:3,woman:3,her:3,hair:2,raised:2,
a:15,on:4,shoulders:4,.:4,and:3,of:3,sitting:3,the:3,girl:3,in:3,
a:9,orange:5,.:5,an:4,book:4,boy:3,is:3,child:2,in:2,shirt:2,
a:9,boy:5,table:5,at:4,.:4,eating:3,young:3,the:3,and:3,in:2,
three:4,racing:4,on:4,.:3,dogs:3,greyhounds:2,running:2,a:2,track:2,the:1,
a:7,dog:5,in:5,pool:5,the:4,.:4,brown:2,and:2,white:2,swimming:2,
a:8,man:5,.:5,in:4,the:4,his:3,high:3,young:3,shorts:2,is:2,
a:11,in:7,.:5,baby:4,playing:4,the:4,and:3,is:2,with:2,bucket:2,
in:8,girl:7,a:4,laughing:3,bathing:3,suit:3,at:3,orange:3,.:3,the:3,
a:13,.:5,boy:4,pool:4,noodle:4,with:3,holding:2,foam:2,plays:2,by:2,
the:6,dog:5,.:4,a:3,rolling:3,in:3,dirt:3,and:2,on:2,ground:2,
a:9,in:7,the:5,rain:5,.:5,woman:4,red:3,runner:2,race:2,vest:2,
a:9,water:4,her:4,hair:4,.:4,in:4,girl:3,is:2,shaking:2,the:2,
a:9,.:5,and:3,covered:3,in:3,white:3,powder:3,boy:3,is:3,child:2,
a:8,dog:5,with:5,running:5,in:5,ball:4,.:3,the:3,mouth:3,small:2,
two:5,boys:5,with:5,a:4,on:4,.:4,and:3,stand:3,sticks:3,brown:2,
a:11,in:6,on:5,of:4,.:4,horse:4,front:3,mountains:3,person:2,brown:2,
a:4,into:4,the:4,.:4,woman:3,girl:2,in:2,blue:2,ocean:2,swimsuit:1,
a:10,on:5,black:4,sitting:4,.:4,the:4,woman:3,in:3,her:3,nails:3,
a:6,.:5,women:4,street:3,at:3,night:3,two:3,walk:2,down:2,in:2,
a:8,in:7,the:7,boy:5,.:5,is:3,his:2,air:2,backyard:2,little:2,
a:8,sunglasses:5,girl:4,smiles:4,.:4,wearing:3,and:3,yellow:3,shirt:3,brunette:1,
dog:6,the:5,.:5,a:4,grass:4,brown:4,little:2,is:2,chasing:2,two:2,
two:10,the:6,dogs:5,.:5,boys:4,with:4,are:3,playing:3,and:2,at:2,
a:8,the:6,boy:5,his:5,.:4,to:4,man:3,another:3,in:3,and:3,
a:5,.:5,the:5,of:4,on:3,row:3,boy:2,at:2,people:2,wearing:2,
a:5,.:5,an:4,orange:4,motorcycle:3,man:2,and:2,white:2,is:2,racing:1,
a:8,the:6,.:5,water:4,parachute:3,parasailer:2,person:2,across:2,man:1,crashes:1,
a:10,of:4,.:4,group:3,people:3,little:3,boy:3,child:2,is:2,running:2,
a:14,man:5,of:5,in:4,on:4,.:4,standing:3,mountain:3,the:3,yellow:2,
a:13,is:5,pool:5,towel:5,.:5,in:4,wet:3,girl:2,of:2,covered:2,
black:5,dogs:5,a:4,in:4,.:4,running:3,grass:2,five:2,run:2,field:2,
a:14,bicycle:5,.:5,is:4,man:3,with:3,in:3,doing:2,stunt:2,on:2,
a:11,boy:5,baseball:4,little:3,bat:3,wearing:3,.:3,for:2,red:2,shirt:2,
a:11,woman:5,tattoo:5,.:5,on:4,her:4,back:4,black:3,pink:3,the:3,
dogs:5,.:5,the:4,three:3,small:3,two:3,are:2,in:2,sand:2,and:2,
a:10,man:5,wall:5,pictures:5,.:5,in:4,of:4,is:3,front:3,brick:3,
a:12,.:5,wall:4,graffiti:4,skateboarder:4,in:3,his:2,skateboard:2,with:2,on:2,
a:12,fishing:5,.:5,boy:4,holding:4,is:3,pole:3,in:2,hoodie:2,rod:2,
a:6,.:5,boy:4,jumps:4,water:3,while:3,another:3,into:2,boys:2,in:2,
a:13,hill:5,.:5,striped:4,walking:4,person:3,in:3,and:3,on:3,shorts:2,
a:9,the:6,black:5,dog:5,in:5,mouth:5,.:5,water:4,its:4,white:3,
a:10,black:5,and:5,white:5,dog:5,ball:5,.:5,jumping:3,tennis:3,is:3,
a:10,.:4,man:3,on:3,of:3,bike:3,crowd:2,while:2,ramp:2,is:1,
a:8,":6,two:5,men:5,sign:4,.:4,are:3,standing:3,that:3,says:3,
a:13,white:5,dog:4,leash:4,.:4,on:3,is:3,dirt:3,walking:2,down:2,
a:11,with:6,boy:4,girl:4,in:4,of:4,water:4,.:4,and:3,playing:3,
a:11,.:5,blue:4,in:3,stream:3,the:2,of:2,area:2,is:2,driving:2,
a:9,dog:5,on:4,stick:3,in:3,mouth:3,.:3,the:3,and:2,with:2,
a:10,in:6,.:5,blue:4,room:4,and:3,wooden:3,table:3,sitting:3,with:3,
the:7,two:5,in:5,.:5,people:4,water:4,stand:2,ocean:2,as:2,sun:2,
boys:5,.:5,three:4,an:4,unfinished:4,in:3,building:2,playing:2,on:2,floor:2,
the:6,a:5,in:5,sand:5,.:5,boy:4,black:2,on:2,sits:2,orange:1,
a:10,on:9,dog:5,.:5,porch:4,back:3,mattress:2,the:2,rolls:2,placed:2,
a:10,is:5,.:5,on:4,the:4,grass:4,cart:4,person:4,lying:3,shopping:3,
a:8,.:5,two:4,dogs:4,ball:4,field:3,one:2,catch:2,on:2,the:2,
a:6,men:5,in:5,.:4,park:3,the:3,are:2,standing:2,game:2,playing:2,
a:6,.:5,black:3,fighting:3,other:3,in:3,two:3,dogs:3,and:2,dog:2,
a:8,.:4,man:4,in:3,at:2,produce:2,ban:1,grey:1,swaetshirt:1,picks:1,
a:6,through:4,the:4,.:4,dog:4,grass:3,walks:2,and:2,tan:2,walking:2,
a:11,on:6,.:5,wheelie:3,man:2,motorcycle:2,his:2,yellow:2,bike:2,is:2,
a:12,.:5,in:4,his:4,skateboard:4,on:4,man:3,shirt:3,street:3,the:3,
two:5,.:5,dogs:4,fighting:2,together:2,on:2,the:2,grass:2,dobermans:1,or:1,
a:10,in:6,dog:5,.:5,swimming:4,mouth:4,stick:4,with:3,its:3,the:2,
in:6,two:5,green:5,.:5,empty:4,people:4,stadium:3,sit:3,seats:2,a:2,
a:11,of:9,group:5,people:5,.:4,are:3,building:3,on:2,white:2,porch:2,
a:6,sunglasses:3,.:3,child:3,with:3,shirt:3,standing:3,in:3,boy:2,on:2,
a:7,in:5,the:4,water:4,dog:3,.:3,at:3,dogs:3,on:2,looks:2,
a:8,man:5,tennis:5,.:5,playing:3,ball:2,shirt:2,is:2,shirtless:2,swings:1,
a:13,dog:5,pool:5,with:5,in:5,.:5,ball:4,blue:2,the:2,plays:2,
with:4,.:4,two:4,men:4,a:3,on:3,one:3,out:3,their:3,the:3,
a:10,dog:5,ball:5,with:4,blue:4,.:4,is:3,playing:3,on:2,the:2,
a:7,dog:5,.:5,is:3,running:3,green:3,in:3,through:3,grass:3,,:2,
a:6,.:5,two:4,dogs:4,running:3,grassy:3,in:3,field:3,dog:2,and:2,
a:13,dirt:5,.:5,on:4,bike:4,man:3,riding:3,rides:2,hill:2,person:2,
a:10,dog:8,brown:5,black:4,.:4,the:3,on:3,beach:2,in:2,stick:2,
a:10,.:4,ramp:4,blue:2,motorcycle:2,jumping:2,over:2,barrels:2,on:2,motorcyclist:2,
and:6,the:6,a:5,football:5,.:5,while:4,in:3,orange:3,white:3,player:3,
a:7,sunset:5,.:5,water:4,over:2,the:2,body:1,of:1,at:1,lake:1,
a:6,.:4,chalk:4,on:3,the:3,girl:3,child:2,plays:2,pink:2,dropping:2,
a:8,wave:5,surfer:4,.:3,over:2,lone:1,surfboarder:1,on:1,white:1,surfboard:1,
a:5,the:4,.:3,dirt:2,air:2,on:2,bike:2,motocross:2,rider:2,and:2,
a:6,on:5,.:5,the:4,swing:4,,:3,children:3,two:3,smiling:2,little:2,
a:10,in:6,field:4,yellow:4,.:4,scarf:3,her:3,woman:3,girl:2,grass:2,
a:13,canoe:5,.:5,yellow:4,river:4,man:3,,:2,on:2,in:2,guy:1,
a:11,the:5,.:5,man:4,walking:3,while:3,child:3,woman:3,couple:2,carries:2,
a:6,soccer:5,.:5,the:3,boy:2,in:2,ball:2,boys:2,play:2,goal:2,
.:5,car:4,a:3,race:3,the:3,fire:2,flames:2,coming:2,out:2,exhaust:2,
a:6,the:6,swimming:5,in:4,.:4,backstroke:3,pool:3,swimmer:3,person:2,doing:2,
a:7,in:5,girl:5,airplane:4,.:4,man:3,an:3,young:3,on:3,arms:2,
a:8,small:5,dog:5,black:4,fingers:4,.:4,biting:3,on:3,ladies:2,two:1,
a:8,.:5,girl:3,sheep:3,walks:3,towards:2,of:2,in:2,the:2,female:1,
a:8,dirt:6,.:5,the:3,bike:2,biker:1,turns:1,across:1,takes:1,turn:1,
a:7,dog:5,water:5,in:4,the:4,.:4,brown:2,is:2,drink:2,,:2,
a:5,basketball:5,.:4,the:4,men:3,players:2,yellow:2,and:2,green:2,for:2,
a:10,.:4,boy:3,from:3,the:3,in:2,green:2,soccer:2,hangs:2,hanging:2,
a:8,wagon:5,pumpkins:5,boy:4,.:4,with:4,two:4,pushes:2,in:2,it:2,
a:14,on:5,.:5,wheelie:4,dirt:3,man:2,motorcycle:2,motorcyclist:2,is:2,popping:2,
a:7,dogs:5,are:5,blue:5,.:5,two:4,in:4,the:3,playing:3,of:3,
football:7,a:6,orange:4,.:4,player:3,an:3,the:3,wearing:2,jersey:2,holding:2,
two:5,dogs:5,.:5,black:4,sand:4,the:3,run:3,with:2,running:2,in:2,
a:9,in:6,his:5,.:5,boxer:4,water:4,by:3,mouth:3,man:3,corner:2,
a:6,.:5,two:4,dogs:4,on:4,are:3,standing:3,patio:3,dog:2,together:2,
the:6,a:5,dog:5,through:5,.:4,white:4,water:3,is:3,running:3,runs:2,
a:10,dog:9,.:5,jumping:4,over:4,fence:4,another:4,is:3,and:3,brown:2,
a:6,fence:5,,:4,.:4,the:4,dog:3,one:3,on:3,two:2,dogs:2,
a:12,.:5,through:4,car:4,on:4,road:4,puddle:3,blue:3,the:3,is:2,
a:9,.:5,in:3,ramp:3,skating:2,down:2,two:2,kids:2,on:2,skateboarder:2,
a:10,dog:5,man:5,black:4,ball:4,.:4,with:3,and:3,for:2,is:2,
a:9,in:5,.:5,girl:3,blue:3,and:2,uniform:2,base:2,ball:2,white:1,
a:7,dog:5,frisbee:5,.:5,to:4,is:3,the:3,catch:3,red:3,in:2,
a:9,.:5,on:3,man:3,tricks:3,bmx:2,ramp:2,is:2,doing:2,with:2,
a:5,.:5,the:4,is:3,mountain:3,climber:2,on:2,mountains:2,snow:2,with:2,
a:6,dog:5,on:4,in:4,.:4,rolls:3,his:3,back:3,the:3,grass:3,
a:13,girl:5,down:5,slide:5,.:5,playground:4,green:3,at:3,sliding:3,little:2,
a:12,.:4,child:3,against:3,map:3,and:3,sits:3,in:2,sitting:2,wall:2,
a:4,race:4,track:4,.:4,two:4,dogs:3,dog:2,muzzled:2,running:2,brown:1,
a:10,.:4,in:4,on:4,is:3,snowboarder:2,doing:2,of:2,midair:2,the:2,
a:7,subway:5,train:4,people:4,.:3,to:2,station:2,crowd:1,waits:1,outside:1,
a:7,.:5,the:5,surfer:4,wave:4,blue:3,surfboard:3,on:2,is:2,falling:2,
a:9,man:5,on:5,sitting:4,.:4,train:2,his:2,subway:2,bearded:1,is:1,
a:10,.:5,girl:4,woman:3,to:3,kick:2,in:2,high:2,kicks:2,her:2,
a:5,.:5,in:4,red:4,girls:4,dressed:3,and:3,costumes:3,two:3,girl:2,
a:10,costume:6,man:5,.:5,in:4,at:3,party:3,next:2,to:2,people:2,
a:6,the:5,.:4,miami:3,basketball:3,man:2,in:2,looking:2,orange:2,player:2,
two:5,leaves:5,.:4,dogs:3,on:3,in:3,a:2,with:2,each:2,other:2,
the:8,.:5,a:4,air:4,man:3,of:2,is:2,on:2,jumping:2,gets:1,
a:14,girl:5,.:5,dog:4,police:4,in:4,playing:3,with:3,car:3,,:3,
a:7,dog:5,.:5,up:4,black:3,and:3,white:3,looking:3,the:3,on:2,
a:11,.:5,woman:4,walks:3,on:3,wooden:3,in:2,skirt:2,down:2,boardwalk:2,
a:9,.:5,stands:3,in:3,front:2,of:2,car:2,on:2,street:2,city:2,
a:7,man:4,cellphone:4,.:4,obama:4,on:3,holding:3,talking:2,is:2,an:2,
a:7,man:5,dog:5,the:5,beach:5,.:5,on:4,and:3,black:2,his:2,
a:11,dog:5,ball:5,.:4,in:3,with:2,mouth:2,carrying:2,closeup:1,photo:1,
the:6,a:5,bowling:5,.:4,at:4,alley:4,in:3,shirt:2,is:2,person:2,
a:10,man:5,.:5,in:3,the:2,air:2,poses:2,as:2,he:2,jumps:2,
a:7,two:5,.:4,are:3,ball:3,game:3,women:3,during:2,playing:2,with:2,
a:15,.:5,shirt:4,wearing:3,is:2,skateboard:2,on:2,man:2,green:2,fence:2,
a:11,boy:4,in:4,.:4,the:4,baseball:3,cap:3,air:3,jumps:2,and:2,
four:5,on:5,stools:5,a:5,bar:5,children:4,.:4,at:3,sit:2,tall:2,
a:8,.:5,down:4,shorts:3,street:3,and:2,shirtless:2,skateboarder:2,rides:2,road:2,
orange:5,grass:5,.:5,a:4,dog:4,wearing:4,the:4,running:3,vest:2,on:2,
a:10,man:5,in:5,horse:5,.:5,mountains:4,the:3,background:3,riding:2,brown:2,
a:5,.:5,whales:4,three:4,of:4,in:4,crowd:3,are:3,jumping:3,the:3,
a:17,slide:6,down:5,.:5,water:4,woman:4,boy:3,into:3,pool:3,child:2,
a:10,dog:5,.:5,into:4,water:4,rock:3,the:3,brown:2,leaps:2,from:2,
people:5,.:5,equipment:4,a:3,sound:3,group:2,of:2,are:2,standing:2,around:1,
four:5,.:5,in:3,pose:3,for:3,a:3,together:3,girls:2,evening:2,picture:2,
a:11,in:5,.:4,surfing:3,the:3,person:3,wave:2,ocean:2,green:2,holding:2,
a:10,of:5,.:5,students:2,watching:2,presentation:2,conference:2,is:2,people:2,class:1,
three:5,the:4,men:4,.:4,looking:3,at:3,distance:2,are:2,on:2,a:2,
a:7,.:4,the:4,dressed:3,up:3,man:3,woman:3,wearing:3,and:2,in:2,
in:8,a:5,dog:5,water:5,ball:5,mouth:5,with:4,orange:4,.:4,an:3,
a:7,.:5,the:4,boy:3,holding:3,plate:3,is:3,his:2,head:2,wearing:2,
a:6,in:5,.:4,children:3,playing:3,group:2,of:2,sprinkler:2,water:2,fountain:2,
a:5,basketball:5,the:4,game:3,in:3,.:3,group:2,of:2,players:2,athletes:1,
a:6,of:6,people:5,in:5,.:5,crowd:3,buildings:3,looking:3,the:3,are:2,
two:5,a:5,on:4,.:4,people:4,motorcycle:4,riding:2,motorcyclists:1,tandom:1,biek:1,
a:7,rowing:4,boat:4,in:4,.:4,with:4,of:3,people:3,are:3,the:3,
a:9,.:5,wave:4,surfer:3,man:2,his:2,board:2,on:2,the:2,surfing:1,
a:5,dog:5,black:4,and:4,.:4,brown:3,in:3,is:2,the:2,water:2,
the:9,on:6,beach:6,dogs:5,a:4,.:4,man:4,4:3,at:2,is:2,
a:9,.:4,surfer:3,riding:3,person:2,surfboard:2,wave:2,rides:1,the:1,waves:1,
a:11,.:5,on:4,boy:3,with:3,the:3,bike:3,two:3,riding:3,rides:2,
.:5,basketball:4,in:4,a:3,from:3,white:3,and:3,team:3,two:3,player:2,
a:8,man:5,glasses:5,.:5,with:4,and:3,is:3,of:2,an:2,older:2,
a:12,of:6,leaves:6,pile:5,.:5,boy:4,in:4,blue:3,through:2,with:2,
.:5,young:3,two:3,a:2,little:2,girl:2,another:2,child:2,posing:2,hugs:1,
the:6,.:5,is:4,and:4,a:3,whispering:3,to:3,boy:2,red:2,white:2,
a:8,bird:5,.:5,small:4,to:3,eating:1,,:1,pale:1,bends:1,down:1,
a:5,women:4,.:4,in:3,are:2,performing:2,onstage:2,on:2,stage:2,group:1,
a:9,surfer:5,.:4,the:4,does:2,flip:2,on:2,wave:2,is:2,water:2,
a:9,.:5,the:3,in:3,surfboard:2,air:2,is:2,surfer:2,lone:1,surfboarder:1,
people:5,up:5,.:5,escalator:4,an:3,the:2,ride:2,are:1,standing:1,on:1,
a:10,man:5,rock:5,.:5,in:3,climbing:3,large:2,climbs:2,wall:2,dressed:1,
a:7,people:5,of:4,at:4,building:4,.:4,are:4,table:3,in:3,front:3,
a:5,.:5,of:3,people:2,group:2,the:2,":2,protest:2,is:2,crowd:1,
a:10,on:7,man:5,bench:5,.:5,sits:2,san:2,diego:2,wearing:2,sitting:2,
a:7,train:4,.:4,people:3,station:3,of:2,":2,bunch:1,at:1,photo:1,
their:5,hands:5,in:4,the:4,air:4,.:3,kids:3,and:3,a:2,group:2,
a:8,in:4,.:4,on:3,snowboard:2,person:2,midair:2,man:1,white:1,coat:1,
.:5,a:4,man:3,the:3,another:2,men:2,play:2,ball:2,during:1,game:1,
a:9,man:6,red:5,arm:5,.:5,another:4,helps:3,ribbon:3,his:3,tie:2,
a:9,and:5,dancing:4,.:4,man:3,woman:3,in:3,with:3,costumes:2,on:2,
a:6,the:6,.:4,sled:3,team:2,snowy:2,run:2,dogs:2,pulling:2,bobsled:1,
a:12,of:5,the:5,girl:4,in:4,.:4,people:3,red:2,crowd:2,group:2,
a:9,skateboarder:5,.:5,stairs:4,jumping:2,down:2,short:2,casts:1,shadow:1,flies:1,
boy:5,leaves:5,a:4,.:4,the:3,throws:2,red:2,and:2,orange:2,little:2,
a:6,snowboarder:5,.:5,in:4,the:3,air:3,is:2,performing:2,stunt:2,flies:1,
a:6,.:5,boy:2,rocks:2,rock:2,playing:2,in:2,climbs:1,crawls:1,through:1,
a:7,.:4,in:3,woman:3,two:3,for:3,smiling:2,girl:2,glasses:2,and:2,
a:9,snowboarder:5,.:5,in:4,ramp:2,the:2,air:2,bright:1,green:1,performing:1,
dog:5,a:4,the:4,.:4,,:3,runs:3,on:3,gravel:3,brown:2,black:2,
a:5,.:4,rugby:3,of:2,up:2,soccer:2,team:2,is:2,in:2,match:2,
dogs:5,.:5,two:4,brown:4,white:4,and:2,wrestle:2,sand:2,with:2,on:2,
white:4,.:4,two:4,with:3,girls:3,and:3,one:2,is:2,hair:2,shirts:2,
in:7,a:5,.:5,the:5,orange:4,her:4,shirt:3,hand:3,air:3,woman:3,
a:9,of:6,three:5,in:5,front:5,christmas:5,tree:5,are:4,posing:4,.:4,
a:8,skier:4,.:4,downhill:2,down:2,hill:2,the:2,is:2,in:1,black:1,
a:9,.:5,in:4,is:3,trick:3,man:2,red:2,shirt:2,doing:2,skateboard:2,
.:4,two:4,sitting:4,a:2,toddler:2,girl:2,babies:2,on:2,reaching:2,for:2,
a:15,.:5,baby:4,is:4,with:4,in:3,sitting:3,black:3,woman:3,on:3,
a:10,in:7,.:5,man:4,woman:4,dancing:3,the:3,white:3,black:3,and:2,
a:9,dog:5,on:5,beach:5,.:5,at:3,the:3,ball:3,sunset:2,black:1,
a:10,man:6,.:5,in:4,on:4,street:3,down:3,red:2,standing:2,of:2,
a:5,basketball:5,player:4,to:2,shot:2,.:2,with:2,preparing:1,shoot:1,the:1,
a:11,dog:5,.:5,ball:4,its:4,mouth:4,with:4,to:3,catch:3,in:2,
basketball:5,.:4,are:3,the:3,ball:3,a:3,three:3,players:2,game:2,men:2,
a:9,dog:5,frisbee:5,.:5,the:4,to:4,catch:4,black:3,and:3,white:3,
a:7,men:5,.:4,two:4,smoking:3,are:2,building:2,standing:2,by:2,railing:2,
three:5,dogs:5,in:5,.:5,a:5,snow:4,playing:3,the:3,frisbee:3,with:3,
a:7,.:3,woman:3,skiing:2,skies:2,down:2,snowy:2,the:2,female:1,skier:1,
a:12,.:5,in:4,surfer:3,wave:3,wetsuit:3,the:2,man:2,is:2,lone:1,
a:10,.:5,man:4,and:4,woman:4,video:3,camera:3,the:2,for:2,holding:2,
a:9,in:5,.:5,black:3,is:3,person:2,wetsuit:2,surfing:2,the:2,wave:2,
a:12,brown:5,over:5,dog:4,.:4,branch:3,in:3,and:2,white:2,,:2,
dogs:5,in:5,snow:5,.:5,black:5,a:4,the:4,dog:4,,:4,and:3,
dog:5,snow:5,a:4,.:4,through:4,the:3,deep:3,running:3,is:2,white:2,
a:12,ramp:5,.:4,the:3,trick:2,on:2,is:2,performing:2,jump:2,with:2,
a:10,the:6,man:5,on:4,.:4,street:3,blanket:3,is:2,sidewalk:2,under:2,
a:8,.:5,the:4,wearing:2,goggles:2,on:2,person:2,in:2,snowboarder:2,blue:2,
a:8,.:5,backwards:4,in:3,girl:2,sweatshirt:2,bends:2,over:2,bending:2,person:2,
the:8,a:5,.:5,runs:4,little:3,ocean:3,girl:3,wet:3,beach:3,across:2,
a:11,man:5,.:4,holding:4,up:4,picture:3,is:3,of:2,two:2,people:2,
a:6,.:5,ball:4,woman:3,to:3,catch:3,other:2,up:2,women:2,members:2,
a:8,boy:3,on:3,skateboard:3,bench:3,.:3,the:3,is:2,skateboarding:2,making:1,
a:7,into:5,man:4,.:4,in:3,black:3,water:3,diving:3,dives:2,clear:2,
a:6,.:4,at:3,crowd:2,outdoor:2,on:2,festival:2,an:1,event:1,is:1,
a:8,with:6,his:6,boy:5,helmet:5,on:5,.:5,blue:4,bike:4,feet:4,
a:15,dog:5,man:5,.:5,in:5,black:4,with:3,is:2,at:2,search:2,
a:9,in:6,dog:5,the:4,snow:4,with:4,.:4,white:4,its:3,mouth:3,
a:9,woman:5,guitar:5,.:4,playing:3,microphone:3,and:3,sings:3,acoustic:2,into:2,
a:7,the:4,ski:4,lift:4,.:4,in:3,on:3,snowboarder:2,is:2,jumping:2,
a:11,is:4,.:4,holding:3,child:3,woman:3,an:2,the:2,in:2,wearing:2,
a:16,man:5,and:5,.:4,child:4,at:3,advertisements:3,in:3,with:3,red:2,
a:6,flag:5,.:5,man:3,burn:3,an:3,israeli:2,red:2,masked:1,helps:1,
a:5,red:4,long:4,with:3,two:3,in:3,.:3,an:2,flags:2,square:2,
a:4,water:4,boy:3,red:3,.:3,little:3,shirt:2,is:2,splashed:2,by:2,
a:7,the:6,arms:5,.:5,mountain:4,with:4,man:3,on:3,top:3,of:3,
a:10,in:6,red:5,.:5,woman:4,the:4,jacket:3,at:3,,:2,people:2,
a:10,.:5,the:4,snowboard:3,jumps:3,snowboarder:2,in:2,black:2,jump:2,on:2,
a:7,dog:5,.:5,white:4,small:3,brown:3,jumping:3,over:3,and:2,black:2,
a:13,.:5,river:3,person:3,man:2,along:2,near:2,the:2,shore:2,is:2,
a:9,.:5,dog:4,blue:4,toy:3,with:3,in:3,mouth:3,and:2,running:2,
a:7,.:5,dogs:4,racing:4,race:4,number:2,dog:2,wearing:2,are:2,three:2,
.:5,with:4,children:3,sparklers:3,two:3,play:2,playing:2,young:2,large:1,hoops:1,
a:11,.:5,basketball:4,in:4,uniform:4,player:3,is:3,the:3,ball:3,playing:3,
a:8,.:5,teacher:4,computer:4,boys:3,two:2,in:2,on:2,help:2,is:1,
a:8,basketball:6,player:5,the:5,.:5,dribbles:2,ball:2,an:2,looks:2,on:2,
a:8,.:5,two:4,men:4,and:4,woman:4,doorway:2,for:2,three:1,people:1,
a:15,red:5,.:5,black:4,with:4,child:3,in:3,and:3,sash:3,outfit:2,
a:6,.:5,fireworks:4,people:3,group:2,of:2,watching:2,watch:2,small:2,crowd:2,
a:10,.:5,ramp:4,skateboarder:3,man:2,skateboard:2,the:2,top:2,of:2,black:2,
a:17,man:5,reading:4,smoking:4,in:3,newspaper:3,cigar:3,.:3,blue:2,suit:2,
basketball:5,the:5,.:5,a:4,white:4,in:4,player:3,black:2,dribbles:2,ball:2,
a:8,in:5,.:5,the:5,with:4,two:4,dogs:4,snow:4,playing:3,black:3,
a:6,dog:4,running:4,field:3,.:3,gray:2,in:2,grey:2,furry:1,on:1,
dog:7,a:5,.:5,brown:3,white:3,the:3,and:3,in:2,grass:2,playing:2,
a:9,the:6,.:5,boat:4,by:3,cable:3,over:3,people:2,is:2,suspended:2,
a:5,.:5,bird:4,water:4,flying:3,white:3,over:3,the:2,is:2,large:2,
a:7,brown:4,.:4,puppy:3,is:3,on:3,pole:3,the:2,ground:2,dog:2,
a:10,goal:5,soccer:5,.:5,ball:2,to:2,player:2,in:2,the:2,is:1,
hockey:5,the:4,.:4,in:3,ball:3,two:3,a:2,female:2,player:2,blue:2,
two:5,on:5,.:5,the:4,bikes:4,a:4,are:3,in:2,riding:2,street:2,
man:5,.:5,a:4,rocks:4,in:3,is:3,red:3,swimming:2,trunks:2,standing:2,
a:10,.:4,of:3,snow:3,boy:2,riding:2,down:2,hill:2,the:2,sled:1,
a:9,on:5,bench:5,.:5,red:4,man:3,sitting:3,an:2,older:2,is:2,
a:5,.:5,the:5,girl:4,on:4,is:3,her:3,hand:3,tattoo:2,as:2,
a:8,snowboarder:5,.:5,over:3,is:2,high:2,the:2,going:1,cliff:1,jumping:1,
a:4,.:4,two:4,group:2,posing:2,for:2,the:2,camera:2,men:2,and:2,
a:9,in:5,.:5,boy:4,blue:3,shirt:3,runs:2,running:2,young:2,dark:2,
a:5,the:4,boy:3,jumping:3,his:3,.:3,tennis:2,racket:2,in:2,air:2,
a:8,in:8,of:7,people:4,front:4,.:4,building:3,are:3,is:2,standing:2,
a:11,girl:5,in:5,bubbles:5,.:5,dress:3,blowing:3,the:3,pink:2,blows:2,
a:10,man:5,.:5,atv:3,dirt:2,is:2,driving:2,red:2,on:2,the:2,
a:8,,:7,and:6,.:5,girl:5,camera:4,man:3,facing:3,people:2,look:2,
a:6,two:5,boys:5,.:5,are:3,running:3,in:3,metal:2,walking:2,barrel:1,
a:8,in:6,snow:6,dog:5,.:5,brown:4,the:4,stick:3,its:3,mouth:3,
a:7,of:7,group:4,in:4,.:4,and:3,front:3,adults:2,their:2,stand:2,
a:9,.:5,is:4,skiing:4,down:3,skier:3,mountain:2,in:2,snowy:2,snow:2,
a:8,dog:5,.:5,brown:4,white:4,snow:4,and:3,the:3,patch:2,of:2,
a:9,man:5,.:5,off:4,black:3,is:2,jumping:2,of:2,logs:2,jumps:2,
a:8,.:5,,:4,dog:3,number:3,8:3,wearing:2,running:2,in:2,race:2,
a:10,black:7,dog:5,with:5,purple:5,collar:5,.:4,running:4,is:3,leash:2,
a:10,basketball:6,in:6,.:5,the:5,number:4,white:4,blue:3,uniform:3,,:3,
a:7,on:5,.:5,his:4,head:4,man:4,the:3,in:3,break:2,near:2,
a:6,of:5,rugby:5,.:5,men:4,group:3,are:3,play:2,playing:2,bunch:1,
a:9,.:5,dirt:3,biker:2,the:2,forest:2,rides:2,path:2,in:1,his:1,
.:5,the:4,runners:4,are:4,two:4,race:4,ready:3,starting:3,a:3,for:2,
the:5,.:5,a:4,black:4,dog:4,running:3,is:2,and:2,in:1,middle:1,
a:6,man:5,into:5,.:5,water:4,dives:3,the:3,is:2,diving:2,lake:1,
two:5,dogs:5,.:5,run:4,the:4,a:4,near:3,water:3,grass:2,through:2,
with:6,in:5,a:4,covering:4,hands:4,.:4,the:4,black:3,her:3,eyes:3,
a:8,.:5,at:3,two:3,and:3,crowd:2,in:2,the:2,night:2,young:2,
a:6,,:4,and:4,.:4,chickens:3,turkey:3,bucket:3,white:3,puppies:3,food:3,
a:8,dog:5,.:5,running:4,path:4,is:3,down:3,black:2,along:2,dark:2,
.:5,a:4,street:4,people:3,the:3,with:2,walking:2,walk:2,chinese:2,down:2,
a:6,.:4,on:3,is:3,the:3,grinding:2,snowboarder:2,in:2,rail:2,snow:2,
a:9,,:4,in:4,cricket:3,man:3,.:3,dressed:2,white:2,red:2,cap:2,
dog:5,through:5,.:5,a:4,brown:3,runs:3,white:2,and:2,small:2,field:2,
a:7,blocks:5,.:5,boy:4,wooden:4,with:3,building:2,on:2,table:2,small:2,
a:11,train:5,on:5,.:4,person:3,the:3,bicycle:3,man:2,jumps:2,his:2,
a:7,.:5,biker:4,through:4,mountain:4,rides:3,trees:2,is:2,helmet:2,dirt:1,
hockey:5,.:5,a:4,of:3,players:3,team:2,with:2,one:2,taking:2,shot:2,
a:7,.:5,down:3,man:2,hill:2,skis:2,skier:2,the:2,skiing:1,snowy:1,
a:7,.:5,dog:4,on:4,is:3,brown:2,cobblestone:2,street:2,lying:2,the:2,
a:7,.:5,climbs:4,an:4,climbing:4,wall:4,indoor:3,man:2,in:2,green:2,
a:9,.:5,bike:3,biker:1,races:1,guy:1,on:1,bmx:1,man:1,rides:1,
.:5,the:5,a:4,soccer:4,in:4,red:3,and:3,of:2,players:2,black:2,
a:7,in:7,the:5,.:4,red:4,sits:3,snowsuit:3,child:2,snow:2,little:2,
a:10,man:5,rock:5,in:5,.:4,climbs:3,the:3,forest:2,green:1,darkened:1,
a:11,.:5,ramp:4,skateboarder:3,jumping:2,on:2,inline:2,jump:2,lone:1,huge:1,
a:6,the:5,hand:5,.:5,woman:4,asian:3,holding:3,little:3,girl:3,of:2,
a:10,down:5,.:4,blond:2,sand:2,dune:2,on:2,while:2,another:2,sandy:2,
a:15,man:5,.:5,dumpster:3,lighting:3,cigarette:3,in:2,is:2,outside:2,of:2,
dogs:5,through:5,three:4,.:4,running:3,a:3,the:2,water:2,and:2,field:2,
a:7,people:5,on:5,.:5,in:4,skis:3,with:3,dressed:3,,:3,of:2,
.:5,three:3,sky:3,in:3,the:3,are:3,a:2,people:2,,:2,skydivers:2,
a:7,.:5,man:4,the:4,in:3,bus:3,stands:2,people:2,is:1,standing:1,
children:5,being:4,water:4,.:4,two:4,sprayed:3,by:3,a:3,with:2,grass:2,
a:12,dirt:6,.:5,the:4,bike:3,in:3,air:3,is:2,off:2,trick:2,
a:12,snowboarder:4,green:4,.:3,the:2,on:2,wearing:2,jacket:2,helmeted:1,boy:1,
a:12,.:5,boy:4,swings:3,bat:3,in:2,young:2,visor:2,with:2,dusty:1,
a:7,.:5,group:4,of:4,sitting:4,the:3,red:2,container:2,large:2,people:2,
horses:5,on:4,.:4,in:3,standing:3,three:3,two:3,men:2,one:2,man:2,
a:16,skier:5,.:5,camera:4,is:3,snow:3,while:2,trick:2,by:2,man:2,
a:8,.:5,dog:4,the:4,runs:3,in:3,snow:3,white:3,snowy:2,fence:2,
.:4,teenagers:3,and:3,a:2,of:2,making:2,expressions:2,room:2,three:2,two:2,
a:9,in:5,kangaroo:5,.:5,two:4,pet:3,women:3,woman:2,baby:2,small:2,
a:11,snowboarder:4,.:4,people:3,watching:3,in:3,of:2,perform:2,trick:2,with:2,
a:10,in:7,the:7,.:4,of:4,crowd:4,front:3,girl:2,cartwheel:2,street:2,
a:9,.:5,black:5,in:4,red:4,soccer:4,ball:4,and:4,the:4,man:3,
a:9,girl:5,tree:5,young:4,in:4,standing:4,.:4,is:3,on:3,posing:3,
dog:5,the:5,.:5,black:4,and:4,white:4,on:4,is:3,running:3,sand:3,
a:11,mountain:4,on:4,.:4,skier:3,down:3,skiing:2,lone:1,snowy:1,one:1,
a:6,dog:5,.:4,brown:3,running:3,the:3,fence:3,dirt:3,on:2,runs:2,
a:7,.:5,of:3,,:3,one:3,group:2,and:2,women:2,in:2,girls:1,
two:5,a:5,city:5,.:5,walk:4,on:4,sidewalk:3,words:3,in:3,men:3,
water:5,white:4,.:4,a:3,large:3,bird:3,the:3,is:2,grey:1,and:1,
.:5,in:4,a:3,men:3,walk:3,line:3,wearing:2,orange:2,robes:2,three:2,
in:5,.:5,a:4,water:4,people:3,the:3,of:2,play:2,lake:2,are:2,
a:9,dog:5,ball:5,.:5,over:4,with:4,in:4,mouth:4,and:4,white:3,
a:12,man:5,tree:4,while:4,skier:3,.:3,videotapes:2,on:2,in:2,another:2,
the:7,dogs:5,in:5,snow:5,.:5,two:3,brown:2,are:1,front:1,of:1,
a:6,.:5,woman:3,,:3,is:3,to:3,red:2,and:2,white:2,throw:2,
.:4,two:4,dancing:3,on:3,girls:3,children:2,hardwood:2,playing:2,little:2,a:2,
a:9,.:5,man:4,military:4,table:3,sits:2,in:2,is:2,sitting:2,with:2,
the:7,dog:5,a:4,.:4,black:3,birds:3,on:3,is:3,running:3,shore:2,
a:12,and:8,man:5,.:5,,:4,jacket:3,shirt:3,red:3,with:3,pointing:3,
a:11,dog:5,on:5,trampoline:5,with:4,brown:3,and:3,white:3,.:3,the:2,
a:10,two:5,.:5,next:3,to:3,stroller:3,building:3,in:3,women:3,with:3,
a:9,in:5,the:5,snow:5,with:5,.:5,standing:4,dog:4,person:3,skis:3,
a:10,the:8,handstand:5,.:5,on:4,beach:4,man:3,does:2,in:2,sand:2,
a:12,swing:5,child:4,woman:4,.:4,on:3,with:3,in:3,young:2,the:2,
a:5,dog:5,snow:5,in:4,the:4,.:4,walks:1,through:1,golden:1,looks:1,
a:13,in:7,man:5,shirt:5,with:5,.:5,red:4,the:4,woman:3,and:3,
a:12,wave:5,.:5,in:4,man:3,colorful:2,surfing:2,trunks:2,on:2,surfboard:2,
a:10,man:5,.:5,is:4,of:3,his:3,in:2,people:2,product:2,to:2,
a:7,on:5,the:5,.:4,boy:3,blue:3,spinning:2,and:2,yellow:2,merry-go-round:2,
a:7,in:5,orange:5,an:4,tennis:4,ball:4,.:3,outfit:3,woman:2,is:2,
a:11,.:5,in:4,bride:3,man:3,and:2,groom:2,towards:2,arms:2,leaps:2,
a:10,.:4,is:3,on:3,boy:2,doing:2,handstand:2,in:2,man:2,standing:2,
a:12,tennis:6,and:5,is:4,.:4,wearing:3,shirt:3,player:3,blue:3,racket:2,
a:5,.:5,man:4,child:4,the:4,and:2,dancing:2,shirtless:2,with:2,an:2,
a:10,girl:5,horse:5,.:5,the:5,on:4,fence:4,at:3,in:2,pink:2,
a:9,man:4,.:4,climbing:3,icy:3,mountain:3,the:2,rock:2,climbs:2,of:2,
the:8,a:6,boy:5,.:5,in:4,red:4,water:4,into:4,jumps:2,to:2,
a:8,black:5,in:5,dog:4,the:3,.:3,backyard:3,running:3,camera:2,his:2,
a:12,.:4,boy:3,on:3,rail:3,is:3,railing:2,an:2,trick:2,in:2,
a:7,in:5,bubbles:5,.:5,girl:3,and:3,the:3,two:3,girls:3,white:2,
a:11,dog:5,.:5,is:3,running:3,dirt:3,path:3,down:3,runs:2,along:2,
a:10,dog:5,blue:5,.:5,jacket:4,the:3,wearing:3,in:3,gray:3,is:2,
two:5,a:4,track:4,.:4,racing:3,on:3,are:3,dirt:3,riders:2,motocross:2,
.:5,bears:4,are:3,at:3,two:3,growling:2,one:2,another:2,each:2,other:2,
a:10,basketball:5,.:5,man:3,is:3,to:3,dunk:3,in:3,the:3,while:2,
a:5,the:5,.:5,down:4,walking:3,street:3,couple:2,is:2,holding:2,hands:2,
children:5,.:5,in:3,six:3,sitting:3,of:2,the:2,at:2,two:2,sit:1,
a:5,.:4,the:4,ski:3,up:3,mountain:3,two:3,on:3,man:2,lift:2,
a:9,dog:6,jumping:4,.:4,brown:3,over:3,in:3,obstacle:2,dark:2,yellow:2,
a:7,swing:6,two:5,children:5,tire:5,.:5,on:3,playing:2,in:2,swinging:2,
a:9,climbing:5,.:4,at:3,the:3,girl:3,wall:3,barefoot:2,child:2,climbs:2,
a:12,woman:5,.:5,girl:3,an:3,holding:2,young:2,child:2,in:2,smiling:2,
a:6,of:4,race:3,people:3,the:3,at:3,watching:2,dirt:2,on:2,.:2,
a:8,.:5,blue:4,on:4,and:3,biker:2,with:2,jacket:2,,:2,black:2,
a:12,of:6,bear:6,on:5,.:5,statue:4,einstein:4,boy:3,under:3,with:3,
a:8,dog:5,in:5,.:5,white:4,is:4,black:3,and:3,splashing:3,playing:2,
a:5,dogs:5,.:5,through:3,running:3,grass:3,three:3,,:3,field:2,group:1,
a:8,dogs:4,.:4,in:3,race:3,dog:2,with:2,five:2,are:2,racing:2,
a:7,of:7,group:5,.:5,people:2,sing:2,and:2,at:2,singing:2,in:2,
a:9,baseball:6,.:5,the:4,boy:3,in:3,runs:3,bases:3,uniform:2,is:2,
a:11,the:6,on:5,woman:4,bench:4,.:4,child:3,in:3,park:3,and:3,
the:7,dog:5,beach:5,.:5,a:4,on:4,running:2,large:2,plays:1,runs:1,
paintball:5,.:4,a:3,of:2,people:2,team:2,bunch:1,guys:1,in:1,black:1,
a:10,dog:5,over:5,.:5,brown:4,jumping:3,hurdle:3,and:2,yellow:2,jumps:2,
.:5,two:4,girls:4,in:4,one:3,a:3,girl:2,pajamas:2,to:2,holding:2,
a:8,of:8,tents:5,.:5,people:4,white:4,group:3,and:3,stand:2,sit:2,
a:14,statue:5,of:4,.:4,woman:4,group:3,her:3,hand:3,boys:3,bench:2,
a:5,the:5,.:5,dog:4,beach:4,on:3,two:3,dogs:3,black:2,with:2,
a:11,on:6,its:6,dog:5,ball:5,in:5,.:5,back:4,with:4,mouth:4,
a:7,girl:5,.:5,in:4,water:4,young:3,fountain:3,with:2,plays:2,the:2,
a:8,.:5,softball:5,and:3,playing:3,girl:3,the:2,child:1,wearing:1,black:1,
a:8,on:5,man:4,bike:3,the:3,back:3,of:3,.:3,female:2,one:2,
a:8,tennis:5,balls:5,.:5,dog:4,of:4,stands:3,his:3,on:2,thrown:2,
a:6,man:5,.:4,an:2,the:2,jacket:2,closeup:1,of:1,elderly:1,poses:1,
a:8,.:5,is:4,writing:4,woman:3,red:3,on:2,wearing:2,white:2,shirt:2,
a:8,dog:5,stick:5,in:5,mouth:4,.:3,swimming:3,with:2,its:2,through:2,
the:13,a:8,football:7,player:6,in:5,.:5,one:4,with:3,on:3,blue:2,
the:7,a:6,man:5,guitar:5,.:5,on:4,street:4,plays:3,blue:2,playing:2,
a:5,.:4,of:3,rollerbladers:3,down:3,group:2,on:2,the:2,street:2,rollerblading:2,
a:6,.:4,up:3,rock:3,climbing:3,people:3,woman:2,helmeted:2,is:2,steep:2,
a:12,.:5,in:4,jersey:2,the:2,yellow:2,man:2,riding:2,bicycle:2,bike:1,
a:14,red:8,bandanna:5,hat:4,and:4,.:4,wearing:4,face:3,man:2,in:2,
sunglasses:5,a:5,.:4,man:4,smiling:4,in:3,and:3,black:3,white:2,young:2,
a:12,ladder:6,.:5,the:4,person:3,little:2,baby:2,climbing:2,girl:2,on:2,
a:6,men:4,cannon:4,.:4,group:2,of:2,on:2,loading:2,several:2,are:1,
a:9,.:5,girl:4,vine:3,over:3,water:3,swings:2,on:2,holding:2,so:2,
a:12,camera:5,.:4,with:3,in:3,woman:3,lady:2,to:2,stands:2,crowd:2,
a:7,man:5,horse:5,black:4,.:3,in:2,brown:2,jacket:2,is:2,leading:2,
dog:6,a:4,over:4,.:4,and:3,black:2,brown:2,jumping:2,white:2,jumps:2,
a:9,to:5,the:5,baseball:4,ball:4,while:4,.:4,catch:3,base:3,player:2,
a:6,on:6,.:5,woman:3,the:3,man:3,of:2,lying:2,and:2,laying:2,
a:7,down:5,.:5,man:3,stairway:3,the:3,riding:2,steps:2,outdoor:2,unicycle:2,
a:9,are:5,drum:5,.:5,and:3,playing:3,two:3,girl:2,little:2,boy:2,
a:8,.:5,are:3,in:3,front:3,of:3,sign:3,looking:2,at:2,an:2,
a:15,man:5,camera:5,.:4,blue:4,holding:3,in:3,shirt:2,holds:2,wearing:2,
field:5,a:4,on:4,in:4,.:4,the:4,formation:3,people:3,many:2,lines:2,
a:8,dog:5,stick:5,in:5,water:4,mouth:3,.:3,carrying:2,walking:2,with:2,
a:13,skateboard:5,boy:4,is:4,.:4,in:3,helmet:3,on:3,and:2,white:1,
the:5,snow:4,in:3,.:3,a:2,skier:2,one:2,another:2,mountaineer:2,is:2,
a:14,sunglasses:6,and:6,in:5,.:5,with:5,red:4,car:4,front:3,of:3,
a:9,in:6,.:5,mirror:4,woman:3,,:3,lipstick:3,her:3,makeup:2,showgirl:2,
a:10,man:5,necklace:5,.:5,the:4,woman:4,is:4,holds:2,'s:2,checks:1,
a:6,jumping:5,on:5,trampoline:5,.:4,girl:3,the:3,in:3,young:2,woman:2,
a:8,girl:5,in:5,dress:5,.:5,pink:4,twirls:2,little:2,dancing:2,green:2,
a:9,gondola:4,.:4,in:4,is:3,the:3,with:3,man:3,around:2,down:2,
a:11,dog:5,.:5,string:4,white:4,is:4,the:4,chases:2,stuffed:2,animal:2,
a:7,.:5,snowboarder:4,is:3,in:3,the:3,air:3,over:2,man:1,snowboards:1,
the:5,.:5,a:4,man:4,white:3,playing:2,cricket:2,bat:2,in:2,is:2,
a:8,in:8,white:6,boxing:6,.:5,man:4,shorts:4,and:4,black:3,gloves:3,
.:5,two:4,white:3,gloves:3,the:2,man:2,boxers:2,with:2,are:2,men:2,
a:8,boy:6,soccer:5,.:5,red:4,ball:4,the:3,in:3,field:2,wearing:2,
a:13,in:6,person:5,waterfall:5,.:4,water:3,rocks:2,and:2,swimming:2,with:2,
a:11,boy:5,bike:4,.:4,helmet:3,riding:3,young:3,his:3,with:2,blue:2,
a:8,.:5,crowd:4,man:3,in:3,to:3,and:3,musical:3,instruments:3,of:2,
a:7,.:5,dirt:4,on:2,four:2,wheeler:2,through:2,person:2,an:2,biker:1,
a:13,.:5,in:4,the:3,on:2,bicycle:2,midair:2,ramp:2,doing:2,trick:2,
a:9,people:4,.:4,of:3,on:3,group:2,walkway:2,the:2,are:2,standing:2,
a:8,in:8,water:5,.:5,pink:3,the:3,girl:3,smiles:3,swimsuit:3,young:2,
two:5,into:5,pool:5,.:5,boys:4,a:4,are:3,jumping:3,teenage:2,in:1,
in:5,the:4,two:4,dancing:4,.:3,women:3,by:3,girls:2,to:2,street:2,
a:5,bird:3,the:3,.:3,flying:2,flies:2,its:2,hawk:2,in:1,air:1,
a:8,in:6,.:5,the:3,air:3,man:2,blue:2,is:2,sword:2,an:2,
a:6,in:5,.:4,japanese:3,dressed:3,two:3,is:2,the:2,street:2,women:2,
a:10,the:6,flip:5,beach:5,.:4,doing:4,boy:3,on:3,in:3,back:2,
a:8,.:4,brick:3,building:3,to:2,some:2,kids:2,teenagers:2,are:2,at:2,
in:7,.:5,girls:4,outfits:4,a:4,are:4,colorful:2,,:2,multi-colored:2,three:2,
a:11,.:5,in:4,man:3,blue:3,dirt:3,bike:3,on:3,jumping:2,,:1,
a:8,car:5,.:5,dust:3,as:3,it:3,the:3,on:2,track:2,race:2,
two:5,dogs:5,a:5,the:4,.:3,on:3,,:3,over:2,black:2,near:2,
dogs:5,.:5,a:4,in:4,three:4,and:3,are:3,the:3,field:3,playing:2,
.:5,the:4,a:3,in:3,three:3,on:2,are:2,woods:2,mountain:2,man:1,
basketball:5,a:4,.:4,to:2,are:2,playing:2,group:1,of:1,boys:1,play:1,
a:6,.:3,the:3,man:2,off:2,ramp:2,skateboard:2,skateboarder:2,boy:1,skateboarding:1,
two:5,the:5,on:4,dogs:4,.:4,are:3,beach:3,barking:2,ocean:2,jumping:2,
two:5,in:4,.:4,are:4,purple:3,posing:3,and:3,gold:2,women:2,girls:1,
a:4,indian:4,an:3,microphone:3,.:3,man:2,dressed:2,in:2,wearing:2,the:2,
a:8,.:4,child:3,on:3,bar:3,in:3,playground:2,equipment:2,girl:2,hanging:2,
a:8,horse:5,the:5,is:4,.:4,cowboy:3,off:2,thrown:2,stands:2,with:2,
a:8,in:6,the:5,man:4,bull:4,.:4,is:3,air:3,rodeo:2,while:2,
a:8,guitar:5,.:5,man:4,in:4,the:4,plays:2,playing:2,fancy:1,clothing:1,
a:13,in:6,man:5,stick:5,white:2,shirt:2,.:2,field:2,swinging:1,walks:1,
a:5,.:5,the:5,two:4,dogs:4,running:3,dirt:3,and:2,dog:2,woods:2,
a:7,dog:5,.:5,in:4,ball:3,on:3,hind:3,legs:3,white:2,its:2,
soccer:7,children:4,.:3,ball:3,three:3,while:2,in:2,and:2,uniforms:2,after:2,
a:9,on:5,.:5,and:4,,:3,feet:3,table:3,of:3,people:3,'s:2,
a:10,dog:5,rocky:5,black:4,.:4,is:2,running:2,landscape:2,under:2,cloudy:2,
a:11,on:4,.:4,motorcycle:3,around:3,red:3,and:3,white:3,racing:2,motorbike:2,
a:8,in:6,dog:5,black:4,water:3,.:3,the:3,small:2,standing:1,shallow:1,
a:9,children:5,dog:5,with:4,.:4,group:4,of:4,white:3,on:3,grass:3,
a:7,in:5,pool:4,.:4,boy:3,with:2,beach:2,ball:2,children:2,the:2,
a:9,.:5,rider:4,bike:3,rocks:3,dirt:2,the:2,in:2,over:2,motorcycle:2,
a:6,on:5,.:5,steps:4,people:3,the:3,family:2,seated:2,outside:2,group:2,
the:9,a:5,dog:5,water:5,is:4,.:4,into:3,out:2,sun:2,reflection:2,
a:7,bike:5,.:5,on:4,with:4,man:4,sits:3,his:3,steps:2,next:2,
a:12,dog:5,.:5,running:4,field:4,in:4,brown:3,white:3,with:3,and:2,
a:6,team:5,.:5,on:3,poses:3,posing:2,together:2,soccer:2,sports:2,the:2,
a:10,white:5,dog:5,ball:5,water:5,.:5,the:4,to:4,catch:4,out:3,
a:9,.:5,wave:3,surfer:3,man:2,in:2,is:2,blue:2,rides:2,and:2,
a:9,pink:5,and:5,shirt:5,headband:4,girl:4,.:3,purple:3,young:3,with:2,
boy:6,back:6,.:5,the:5,one:3,on:3,his:3,other:2,another:2,up:2,
the:8,three:5,dogs:5,.:5,are:2,in:2,water:2,on:2,beach:2,running:1,
a:7,surfer:5,.:5,wave:3,the:3,big:2,in:2,catching:1,ocean:1,going:1,
a:8,the:5,.:4,man:3,blue:3,in:3,air:3,is:3,bicycle:3,his:2,
a:7,girl:5,.:5,the:4,paint:2,painting:2,ground:2,paints:2,little:2,white:2,
two:5,boys:5,eating:5,.:5,sitting:3,are:2,a:2,and:2,ice:2,in:1,
a:12,.:5,is:4,the:3,in:3,jumping:3,bike:3,bicyclist:2,tree:2,his:2,
a:6,.:5,in:3,man:3,choppy:3,water:3,the:2,on:2,kite:1,surfer:1,
a:5,black:5,dog:5,.:5,the:5,on:4,beach:3,walks:3,ocean:2,rocky:1,
a:5,dog:5,the:5,.:5,black:3,and:3,white:3,is:3,red:3,collar:3,
a:11,dog:6,grass:4,.:4,black:3,on:3,path:3,of:3,and:2,two:2,
a:11,.:5,naked:4,in:4,body:3,paint:3,rides:3,painted:2,riding:2,bicycle:2,
two:5,dogs:5,in:5,playing:4,the:4,.:4,white:3,water:2,,:2,ocean:2,
a:9,woman:5,.:5,in:4,black:4,red:3,,:3,dress:3,the:3,bike:2,
a:7,water:6,.:5,in:3,rings:3,girl:3,child:2,at:2,park:2,from:2,
a:7,into:5,water:5,.:5,boy:4,the:3,in:2,jumping:2,swimsuit:1,blue:1,
a:8,in:6,.:5,red:4,on:3,bike:3,outfit:2,is:2,his:2,the:2,
a:9,dog:5,.:5,on:4,beach:4,standing:3,brown:2,and:2,white:2,is:2,
a:8,boy:5,orange:5,.:5,in:4,with:4,balls:4,playing:3,park:2,purple:2,
a:11,in:6,man:5,green:5,.:5,and:4,parade:3,mask:2,pants:2,costume:2,
a:5,.:5,dog:4,by:4,sprayed:3,hose:2,is:2,with:2,water:2,gets:1,
a:9,green:5,dress:5,girl:4,in:4,and:2,few:2,.:2,standing:2,wearing:2,
red:5,.:5,over:5,airplane:3,is:3,the:3,a:3,an:2,flying:2,fire:2,
a:8,.:5,in:4,man:3,his:3,skateboard:3,of:3,the:3,with:3,on:2,
.:5,a:4,two:3,man:2,to:2,boy:2,while:2,are:2,sitting:2,talks:1,
in:5,.:5,a:4,are:4,of:3,people:3,the:3,group:2,men:2,period:1,
a:7,.:5,plays:3,hair:3,and:3,drum:3,his:3,long:2,drummer:2,outdoors:2,
a:9,ramp:4,.:3,wearing:2,rider:2,in:2,green:2,shirt:2,bicyclist:1,helment:1,
a:13,car:6,boy:5,in:5,seat:4,face:4,is:3,sitting:3,.:3,making:3,
a:8,are:4,.:4,two:4,lake:3,at:2,sunset:2,walking:2,by:2,pond:2,
a:9,.:4,on:3,of:3,boy:2,jumps:2,the:2,rail:2,wearing:1,white:1,
a:10,in:5,with:4,the:4,.:4,man:3,and:3,store:3,mohawk:2,hair:2,
.:5,a:4,mexican:4,restaurant:4,in:3,empty:2,red:2,people:2,an:1,seat:1,
a:11,.:4,bench:4,is:3,over:3,skateboarder:3,with:3,skateboard:2,in:2,boy:1,
two:5,.:5,are:3,to:3,women:3,standing:2,a:2,wooden:2,wall:2,off:2,
on:5,a:4,rocks:4,the:4,.:4,two:4,sitting:3,children:3,for:2,pile:2,
a:13,woman:5,.:5,blue:4,head:4,with:3,scarf:3,her:3,is:3,in:2,
a:5,.:5,small:4,dog:4,is:3,on:3,wearing:3,tutu:3,the:3,black:2,
a:15,.:4,car:4,past:3,man:3,and:3,woman:3,with:3,couple:2,in:2,
a:5,.:5,woman:4,her:4,sunglasses:4,holding:3,black:2,the:2,large:1,puts:1,
a:11,.:5,and:4,on:3,front:3,sits:3,reads:3,woman:3,the:3,stoop:3,
a:12,.:5,on:4,sleeping:3,small:3,boy:3,child:2,in:2,hat:2,bench:2,
two:5,.:5,a:5,are:3,boys:3,on:3,with:2,water:2,wings:2,sitting:2,
a:14,girl:5,milkshake:5,at:4,young:4,.:4,pink:3,in:3,large:3,shirt:2,
a:9,boy:5,blue:4,.:4,the:3,on:3,in:2,green:2,shirt:2,young:2,
a:10,.:5,hill:4,the:4,person:3,top:2,of:2,sand:2,is:2,blue:2,
a:7,woman:5,in:5,.:5,yellow:4,the:4,and:3,black:3,skiing:3,is:2,
a:9,in:7,dress:5,sprinkler:5,orange:4,.:4,girl:3,an:3,wet:3,is:3,
a:6,.:5,dog:4,in:4,the:4,snow:4,its:3,mouth:3,carries:2,through:2,
dog:4,playing:4,with:3,two:3,dogs:3,.:3,a:2,smaller:2,brown:1,about:1,
the:7,a:5,dog:5,woman:5,.:5,to:3,in:3,'s:2,hand:2,an:2,
a:9,on:5,.:5,water:4,stands:3,rocky:3,of:3,person:3,man:2,the:2,
.:4,child:3,a:3,two:3,one:2,up:2,for:2,something:2,another:2,with:2,
a:7,.:5,man:4,in:4,the:4,snow:3,stands:2,winter:2,is:1,shoveling:1,
black:5,two:4,.:4,a:2,dogs:2,poodles:2,and:1,gray:1,dog:1,fight:1,
a:11,vest:4,traffic:4,.:4,in:3,green:3,his:3,directs:2,policeman:2,wearing:2,
a:6,man:4,glass:4,doors:4,.:4,standing:3,of:3,the:3,is:2,with:2,
a:6,.:5,in:3,man:2,blue:2,rock:2,climbing:2,,:2,wearing:2,climbs:2,
the:7,a:6,white:5,dog:5,.:4,runs:3,in:3,woods:2,is:2,running:2,
a:16,standing:4,on:4,.:4,of:3,man:3,stool:3,family:2,is:2,performer:2,
a:11,red:7,.:5,the:5,in:3,person:3,jacket:3,and:3,wearing:3,on:2,
a:10,green:5,.:5,man:4,shirt:4,at:4,in:3,looks:3,with:2,his:2,
a:11,in:6,man:5,brick:4,.:4,black:3,standing:3,front:3,of:3,wall:3,
a:12,snow:4,.:4,boy:3,the:3,,:3,dog:3,his:2,sled:2,in:2,
a:7,dog:5,the:5,.:4,in:4,jumping:3,brown:3,is:2,into:2,air:2,
women:5,in:4,three:4,green:4,.:4,st:3,day:3,and:3,patrick:2,'s:2,
dog:5,.:5,a:4,toy:3,black:2,catches:2,wet:2,the:2,brown:1,holding:1,
a:12,dog:5,in:5,.:5,frisbee:4,field:4,brown:3,purple:3,with:3,possessively:1,
a:11,red:5,man:4,and:4,woman:4,.:4,at:3,sculpture:3,looking:2,in:2,
a:7,down:5,street:4,carrying:4,.:4,walking:3,bags:3,man:2,and:2,woman:2,
a:12,on:5,rock:5,.:5,sitting:3,street:3,two:3,people:3,in:2,sit:2,
a:7,two:5,.:5,lake:4,people:4,sitting:3,on:3,the:3,of:2,with:2,
a:8,girl:5,little:4,on:4,.:4,merry-go-round:2,playground:2,gets:1,her:1,picture:1,
a:9,.:5,on:4,and:3,the:3,talking:2,concrete:2,people:2,two:2,standing:2,
the:5,two:5,dogs:5,in:5,.:5,wearing:4,grass:4,play:4,sweaters:3,greyhound:1,
a:12,.:5,the:5,dirt:4,road:4,pointing:3,in:3,on:3,man:3,boy:2,
a:10,man:5,.:5,in:4,black:4,at:4,dressed:3,street:3,large:2,corner:2,
three:5,children:5,in:5,a:5,.:5,cage:4,are:3,the:1,locked:1,black:1,
a:7,dog:6,.:5,potted:3,plants:3,the:3,black:2,and:2,white:2,is:2,
a:11,.:5,cliff:4,the:4,man:2,over:2,from:2,ocean:2,person:2,rope:2,
a:8,the:8,man:6,.:5,on:4,with:4,sidewalk:3,sitting:2,walking:2,street:2,
a:6,girl:5,hair:4,.:4,is:3,swinging:3,with:3,her:3,flying:3,in:2,
a:8,person:4,.:4,is:3,climbing:3,mountain:3,rock:3,up:2,very:2,of:2,
a:6,.:5,the:4,woman:3,kissing:3,in:3,couple:2,are:2,wearing:2,red:2,
a:7,running:5,.:5,in:5,the:5,dog:4,black:2,and:2,white:2,is:2,
a:7,.:5,dog:4,with:3,toy:3,playing:2,the:2,bites:1,an:1,object:1,
a:7,of:4,people:4,mountain:4,window:4,.:4,in:3,front:3,the:3,large:2,
a:13,woman:5,.:4,on:3,through:3,field:3,of:3,with:3,walking:2,wooden:2,
the:7,a:5,on:5,beach:4,little:3,.:3,two:3,boy:2,and:2,girl:2,
a:11,man:5,sign:5,free:5,.:5,":4,hugs:4,is:3,carrying:2,that:2,
a:10,of:6,in:5,front:5,fountain:5,couple:4,.:4,posing:3,for:3,picture:3,
a:8,.:5,man:4,snow:4,the:4,in:3,of:2,mountain:2,crouched:1,on:1,
a:8,dog:4,.:4,over:4,red:3,and:3,blue:3,jumping:2,an:2,obstacle:2,
a:9,.:5,rock:3,climbs:3,person:2,girl:1,is:1,climbing:1,wall:1,steep:1,
man:6,and:5,in:5,shirt:4,.:4,,:4,red:3,men:3,are:3,a:2,
a:12,the:5,.:5,is:4,boy:4,blue:4,jacket:3,young:3,in:2,walking:2,
men:4,fishing:4,two:4,with:3,water:3,.:3,standing:2,on:2,shore:2,the:2,
a:6,girl:5,upside:4,down:4,her:3,head:3,.:3,with:2,smiling:2,poses:1,
a:9,on:5,boy:4,.:4,red:3,plays:3,jungle:3,gym:3,little:2,in:2,
a:11,dog:5,brown:3,the:3,.:3,into:2,water:2,off:2,jumps:2,leaps:1,
dog:5,.:5,a:3,brown:3,in:3,the:3,walks:1,under:1,brush:1,pauses:1,
hockey:5,playing:4,ice:4,the:4,a:3,.:3,is:2,player:2,child:1,young:1,
a:8,on:4,swing:4,.:4,upside:4,down:4,child:2,swings:2,purple:2,girl:2,
a:9,swing:6,boy:4,.:4,off:3,the:3,in:2,white:2,jumping:1,jumps:1,
.:5,men:4,young:3,a:2,group:2,of:2,while:2,five:2,pose:2,on:2,
dog:7,a:5,white:5,.:5,small:3,running:3,the:3,two:3,people:3,and:3,
a:9,in:6,black:5,dog:5,the:5,.:5,ball:4,water:4,with:3,pink:3,
a:6,the:5,flowers:4,.:4,standing:3,at:3,counter:3,of:3,is:3,between:2,
two:5,men:5,in:5,white:5,and:5,a:4,.:4,suits:4,sunglasses:3,drink:2,
on:8,the:6,two:5,girls:5,corn:5,.:5,cob:4,sitting:3,a:3,eating:3,
a:11,white:6,ball:5,dog:4,grass:4,.:4,brown:3,on:3,with:3,and:2,
a:9,.:5,in:3,break:3,white:2,is:2,on:2,the:2,front:2,of:2,
a:9,white:5,dog:5,.:5,with:5,running:4,grass:4,muzzle:4,is:3,on:3,
a:10,on:9,.:5,couch:4,woman:3,in:3,is:2,yard:2,sitting:2,grass:2,
two:5,children:3,are:3,.:3,pirate:3,dressed:2,as:2,pirates:2,kneeling:2,down:2,
a:12,":6,sign:5,.:5,girl:4,free:4,hugs:4,in:3,bikini:3,wears:3,
a:6,.:4,at:3,in:3,seattle:3,blonde:2,girl:2,of:2,woman:2,space:2,
a:7,dog:6,on:4,.:4,black:3,beach:3,and:2,golden:2,approaching:2,two:2,
a:6,.:5,the:5,man:4,fishing:3,in:2,river:2,edge:2,water:2,and:2,
a:9,man:5,on:5,.:5,in:4,standing:3,an:3,water:3,elephant:3,is:2,
a:20,is:6,on:6,shirtless:5,man:5,with:5,bench:5,.:5,and:4,woman:4,
a:7,the:7,dog:5,.:5,on:4,beach:4,is:3,ball:3,brown:2,standing:2,
a:8,at:5,.:5,boy:4,table:4,of:4,picnic:3,drinks:2,out:2,drinking:2,
a:10,the:6,boy:5,.:5,through:3,paddle:3,beach:3,with:3,walks:3,an:2,
a:10,and:4,woman:3,green:3,blue:3,jeans:3,.:3,wearing:2,shirt:2,walks:2,
a:11,":6,.:5,newspaper:4,woman:4,holding:3,real:3,change:3,blue:2,jacket:2,
a:6,on:4,the:4,bars:4,monkey:3,at:3,playground:3,.:3,upside:3,girl:2,
a:7,over:4,.:4,collie:3,is:3,hurdle:3,leaping:2,the:2,brown:1,and:1,
a:6,blue:6,pool:5,is:4,.:4,in:4,splashing:3,kiddie:3,child:3,water:2,
a:11,girl:5,.:5,blows:4,whistle:4,in:3,yellow:3,little:2,dress:2,with:2,
a:12,man:5,the:4,mountain:3,in:3,on:3,.:3,of:2,shirt:2,wearing:2,
a:15,firetruck:4,.:4,with:4,and:3,ladder:3,on:3,man:2,running:2,extended:2,
a:9,boy:4,in:3,tube:3,.:3,through:2,tunnel:2,slides:2,smiling:2,an:1,
.:5,in:4,orange:4,girls:3,shirts:3,two:3,twin:2,and:2,green:2,jumping:2,
a:6,rock:5,.:5,woman:4,climbing:3,climber:1,repels:1,off:1,rocky:1,wall:1,
a:9,mountains:5,.:5,to:4,the:3,backpacker:2,in:2,using:2,his:2,point:2,
a:5,.:5,the:5,street:3,city:2,three:2,in:2,are:2,men:2,with:2,
a:6,on:5,an:5,man:4,and:4,woman:4,bench:4,.:4,sitting:3,older:3,
a:11,donkeys:4,.:4,two:4,in:4,man:3,is:2,field:2,mountain:2,boy:1,
a:9,through:5,.:5,child:4,grass:4,is:3,walking:3,field:3,white:2,shirt:2,
a:12,tent:5,.:5,mountain:4,of:4,in:3,out:3,hiker:2,on:2,his:2,
a:8,girl:5,in:5,parking:5,lot:5,rope:5,jumping:3,.:3,is:2,little:2,
a:10,.:5,on:4,playground:4,child:3,at:3,monkey:2,bars:2,playing:2,play:2,
a:13,dog:5,in:5,.:4,black:3,white:3,jumping:3,and:2,frisbee:2,yard:2,
a:8,baby:5,.:5,sunglasses:4,is:3,and:3,wearing:3,in:2,while:2,an:2,
a:10,.:5,over:3,wave:3,the:2,waves:2,jumps:2,on:2,kite:1,surfer:1,
naked:6,a:5,baby:5,toddler:5,.:5,paint:4,and:3,with:3,the:3,red:2,
a:10,dog:5,yellow:5,.:5,tube:4,white:3,of:2,emerges:2,from:2,small:2,
a:5,.:5,boy:4,sparklers:4,holds:3,two:2,in:2,plays:1,with:1,at:1,
a:11,girl:5,her:5,bucket:4,.:4,head:3,in:3,little:3,white:2,hair:2,
a:10,boy:5,water:5,with:5,bottle:4,.:4,on:2,person:2,splashing:2,an:2,
sunglasses:5,.:5,man:4,in:4,a:3,cap:2,and:2,looks:2,down:2,denim:2,
a:12,drum:7,man:5,little:5,.:5,boy:4,the:4,plays:2,big:2,and:2,
a:5,dog:5,.:5,the:5,with:3,woman:2,tan:2,girls:2,hand:2,green:2,
a:13,girl:5,.:5,is:3,down:3,tube:3,little:3,sliding:2,in:2,inside:2,
a:9,.:5,an:4,orange:4,dress:4,the:4,woman:4,in:3,riding:3,ride:2,
a:7,nose:5,the:4,orange:4,kitten:4,.:4,on:3,biting:3,blonde:2,child:2,
a:12,red:5,car:5,in:4,field:4,.:4,bull:3,next:3,to:3,is:3,
a:8,the:7,on:4,board:4,.:4,beach:3,holding:3,boogie:3,girl:3,ocean:3,
rock:4,.:4,two:4,people:4,on:3,the:3,water:3,climber:2,is:2,overlooking:2,
two:5,.:5,with:4,balls:4,in:3,a:3,look:2,up:2,are:2,playing:2,
a:6,.:5,baskets:4,carrying:4,people:3,walking:3,and:3,two:3,of:2,are:2,
a:12,man:5,mountain:5,.:5,climbing:3,climbs:2,is:2,the:1,side:1,of:1,
a:6,in:5,pink:4,dresses:4,.:4,walking:3,group:2,of:2,woman:2,across:2,
a:11,.:4,person:4,in:3,midair:3,lake:3,flip:3,is:2,upside:2,down:2,
a:11,.:5,boy:3,hose:3,in:3,is:2,leaping:2,blue:2,girl:2,around:2,
a:8,dog:7,on:5,.:5,the:5,and:4,leash:4,is:4,black:3,brown:2,
a:7,toy:4,.:4,two:4,one:3,girl:3,playing:3,with:3,girls:3,the:3,
a:6,dog:5,water:4,.:4,out:2,of:2,the:2,jumping:2,lake:2,leaps:1,
a:13,with:6,tennis:5,ball:5,.:5,is:3,playing:3,puppy:3,on:3,path:3,
a:8,man:5,.:5,is:4,in:2,red:2,trunks:2,onto:2,with:2,diving:2,
a:6,off:4,two:4,.:4,the:4,jumping:3,boys:3,into:3,of:2,dock:2,
a:9,children:5,at:5,.:5,six:4,table:4,group:2,of:2,sit:2,for:2,
a:11,rock:6,in:5,.:4,shirt:3,climbing:3,man:2,face:2,red:2,climber:2,
